<?xml version="1.0" encoding="UTF-8"?>
<window>
	<defaultcontrol always="true">30</defaultcontrol>
	<allowoverlay>no</allowoverlay>
	<controls>
		<control type="label" id="909">
			<font/>
			<label/>
			<visible>ControlGroup(5000).HasFocus()</visible>
			<animation effect="fade" time="500">Hidden</animation>
		</control>
		<control type="group">
			<animation effect="slide" start="-729,0" end="0,0" time="500" tween="quadratic">WindowOpen</animation>
            <animation effect="slide" end="-729,0" time="500" tween="quadratic">WindowClose</animation>
			<animation effect="slide" start="0,0" end="-739,0" time="500" delay="500" tween="quadratic" condition="Control.IsVisible(909)">Conditional</animation>
			<control type="image">
				<width>729</width>
				<height>1080</height>
				<texture>black.png</texture>
			</control>
			<control type="image">
				<width>729</width>
				<height>1080</height>
				<aspectratio aligny="top">scale</aspectratio>
				<texture background="true">$INFO[Window.Property(actor.thumb)]</texture>
			</control>
		</control>
		<control type="group">
			<animation effect="slide" start="1242,0" end="0,0" time="500" tween="quadratic">WindowOpen</animation>
            <animation effect="slide" end="1242,0" time="500" tween="quadratic">WindowClose</animation>
			<animation effect="slide" start="0,0" end="-739,0" time="500" delay="500" tween="quadratic" condition="Control.IsVisible(909)">Conditional</animation>
			<left>729</left>
			<control type="image">
				<width>1192</width>
				<height>1080</height>
				<texture>black.png</texture>
				<visible>IsEmpty(ListItem.Art(actor.fanart))</visible>
			</control>
			<control type="image">
				<width>1192</width>
				<height>1080</height>
				<aspectratio align="center">scale</aspectratio>
				<texture background="true">$INFO[Window.Property(actor.ImageFilter)]</texture>
				<animation effect="zoom" start="0,0,1192,1080" end="0,0,1930,1080" time="500" tween="quadratic" condition="Control.IsVisible(909)">Conditional</animation>
			</control>
			<control type="image">
				<width>1192</width>
				<height>1080</height>
				<texture border="4">dialogs/info/info_rightpaneltop.png</texture>
				<animation effect="zoom" start="0,0,1192,1080" end="0,0,1930,1080" time="500" tween="quadratic" condition="Control.IsVisible(909)">Conditional</animation>
			</control>
			<control type="group">
				<left>40</left>
				<top>20</top>
				<width>1042</width>
				<height>854</height>
				<control type="group">
					<animation effect="slide" start="0,0" end="0,-510" time="500" tween="quadratic" condition="ControlGroup(5000).HasFocus()">Conditional</animation>
					<control type="label">
						<top>-20</top>
						<width>1100</width>
						<height>110</height>
						<aligny>center</aligny>
						<align>left</align>
						<font>font30_title</font>
						<textcolor>grey</textcolor>
						<scroll>true</scroll>
						<label>[B]$INFO[Window.Property(actor.title)][/B]</label>
					</control>
					<control type="image">
						<left>-37</left>
						<top>17</top>
						<width>1188</width>
						<height>60</height>
						<texture border="1">separator2.png</texture>
					</control>
					<control type="panel" id="300">
						<left>-36</left>
						<top>80</top>
						<width>1188</width>
						<height>408</height>
						<onup>4002</onup>
						<ondown>9000</ondown>
						<orientation>horizontal</orientation>
						<scrolltime tween="quadratic" easing="out">200</scrolltime>
						<itemlayout height="102" width="594">
							<control type="image">
								<top>42</top>
								<width>594</width>
								<height>60</height>
								<texture border="1">separator2.png</texture>
							</control>
							<control type="label">
								<top>50</top>
								<width>594</width>
								<height>40</height>
								<font>font15</font>
								<textcolor>grey</textcolor>
								<selectedcolor>selected</selectedcolor>
								<label>$INFO[ListItem.Label]</label>
								<textoffsetx>36</textoffsetx>
							</control>
							<control type="label">
								<top>5</top>
								<width>594</width>
								<height>40</height>
								<font>font15</font>
								<textcolor>labelheader</textcolor>
								<selectedcolor>selected</selectedcolor>
								<label>$INFO[ListItem.Label2]</label>
								<textoffsetx>36</textoffsetx>
							</control>
						</itemlayout>
						<focusedlayout height="102" width="594">
							<control type="image">
								<top>42</top>
								<width>594</width>
								<height>60</height>
								<texture border="1">separator2.png</texture>
							</control>
							<control type="image">
								<top>1</top>
								<width>594</width>
								<height>100</height>
								<texture border="4">listselect_fo.png</texture>
								<visible>Control.HasFocus(300)</visible>
								<include>VisibleFadeEffect</include>
								<colordiffuse></colordiffuse>
							</control>
							<control type="label">
								<top>50</top>
								<width>594</width>
								<height>40</height>
								<font>font15</font>
								<textcolor>white</textcolor>
								<selectedcolor>selected</selectedcolor>
								<label>$INFO[ListItem.Label]</label>
								<textoffsetx>36</textoffsetx>
							</control>
							<control type="label">
								<top>5</top>
								<width>594</width>
								<height>40</height>
								<font>font15</font>
								<textcolor>white</textcolor>
								<selectedcolor>selected</selectedcolor>
								<label>$INFO[ListItem.Label2]</label>
								<textoffsetx>36</textoffsetx>
							</control>
						</focusedlayout>
						<content>
							<item>
								<label fallback="161">$INFO[Window.Property(actor.AlsoKnownAs)]</label>
								<label2>$ADDON[script.extendedinfo 32016]:</label2>
								<onclick>noop</onclick>
								<visible>!IsEmpty(Window.Property(actor.AlsoKnownAs))</visible>
							</item>
							<item>
								<label fallback="161">$INFO[Window.Property(actor.Birthday)]</label>
								<label2>$ADDON[script.extendedinfo 32012]:</label2>
								<onclick>noop</onclick>
							</item>
							<item>
								<label fallback="161">$INFO[Window.Property(actor.Age)]</label>
								<label2>Age:</label2>
								<onclick>noop</onclick>
								<visible>IsEmpty(Window.Property(actor.Deathday))</visible>
							</item>
							<item>
								<label fallback="161">$INFO[Window.Property(actor.Deathday)]$INFO[Window.Property(actor.Deathage), (,)]</label>
								<label2>$ADDON[script.extendedinfo 32013]:</label2>
								<onclick>noop</onclick>
								<visible>!IsEmpty(Window.Property(actor.Deathday))</visible>
							</item>
							<item>
								<label fallback="161">$INFO[Window.Property(actor.PlaceOfBirth)]</label>
								<label2>$ADDON[script.extendedinfo 32014]:</label2>
								<onclick>noop</onclick>
							</item>
							<item>
								<label fallback="161">$INFO[Window.Property(actor.TotalMovies)]</label>
								<label2>$ADDON[script.extendedinfo 32011]:</label2>
								<onclick>noop</onclick>
							</item>
							<item>
								<label fallback="161">$INFO[Window.Property(actor.DBMovies)]</label>
								<label2>$ADDON[script.extendedinfo 32021]:</label2>
								<onclick>noop</onclick>
							</item>
							<item>
								<label fallback="161">$INFO[Window.Property(actor.Homepage)]</label>
								<label2>$ADDON[script.extendedinfo 32017]:</label2>
								<onclick>noop</onclick>
							</item>
						</content>
					</control>
				</control>
				<control type="textbox" id="800">
					<description>Plot</description>
					<left>0</left>
					<top>560</top>
					<width>1132</width>
					<height>460</height>
					<font>font15_textbox</font>
					<align>left</align>
					<label fallback="161">$INFO[Window.Property(actor.Biography)]</label>
					<textcolor>white</textcolor>
					<pagecontrol>60</pagecontrol>
					<autoscroll time="3000" delay="6000" repeat="6000">Skin.HasSetting(Enable.AutoScroll)</autoscroll>
                    <animation effect="fade" start="0" end="100" time="500" tween="sine" easing="inout" condition="Control.IsVisible(800)">Conditional</animation>
					<animation effect="fade" start="100" end="78" time="300" tween="sine" easing="inout" condition="!Control.HasFocus(60)">Conditional</animation>
					<visible>ControlGroup(9000).HasFocus(30) + StringCompare(Control.GetLabel(30),$LOCALIZE[342])</visible>
				</control>
				<control type="scrollbar" id="60">
					<left>1136</left>
					<top>550</top>
					<width>14</width>
					<height>510</height>
					<onup>60</onup>
					<ondown>60</ondown>
					<onleft>9000</onleft>
					<onright>9000</onright>
					<texturesliderbackground>-</texturesliderbackground>
					<texturesliderbar colordiffuse="55ffffff" border="1">scrollbar/texturesliderbar2.png</texturesliderbar>
					<texturesliderbarfocus border="1">scrollbar/texturesliderbar2.png</texturesliderbarfocus>
					<showonepage>false</showonepage>
					<orientation>vertical</orientation>
					<visible>Control.IsVisible(800)</visible>
				</control>
				<control type="grouplist" id="5000">
					<orientation>vertical</orientation>
					<scrolltime tween="quadratic">400</scrolltime>
					<left>-30</left>
					<top>580</top>
					<width>1920</width>
					<height>1080</height>
					<usecontrolcoords>true</usecontrolcoords>
					<animation effect="slide" start="0,0" end="0,-600" time="500" tween="quadratic" condition="ControlGroup(5000).HasFocus()">Conditional</animation>
					<visible>ControlGroup(9000).HasFocus(30) + StringCompare(Control.GetLabel(30),$LOCALIZE[21887])</visible>
					<control type="group" id="1500">
						<visible>IntegerGreaterThan(Container(150).NumItems,0)</visible>
						<top>40</top>
						<height>680</height>
						<control type="label">
							<left>30</left>
							<width>500</width>
							<height>25</height>
							<textcolor>grey</textcolor>
							<aligny>center</aligny>
							<font>font15</font>
							<label>Movie actor roles</label>
						</control>
						<control type="panel" id="150">
							<left>0</left>
							<top>40</top>
							<width>1920</width>
							<height>580</height>
							<onleft>150</onleft>
							<onright>150</onright>
							<onup>9000</onup>
							<ondown>250</ondown>
							<orientation>horizontal</orientation>
							<viewtype label="Wall">icon</viewtype>
							<pagecontrol>60</pagecontrol>
							<preloaditems>2</preloaditems>
							<scrolltime tween="quadratic">400</scrolltime>
							<focusposition>1</focusposition>
							<animation effect="fade" start="0" end="100" time="500" tween="sine" easing="inout">VisibleChange</animation>
							<itemlayout width="320" height="580">
								<control type="image">
									<left>0</left>
									<width>320</width>
									<height>460</height>
									<aspectratio scalediffuse="false">scale</aspectratio>
									<texture background="true" fallback="DefaultVideo.png">$INFO[ListItem.Thumb]</texture>
									<bordertexture border="20">thumbs/thumb_shadow.png</bordertexture>
									<fadetime>400</fadetime>
									<bordersize>20</bordersize>
								</control>
								<control type="image">
									<left>200</left>
									<top>19</top>
									<width>100</width>
									<height>100</height>
									<texture>overlays/showcase/1/OverlayWatched.png</texture>
									<aspectratio align="center" aligny="top">keep</aspectratio>
									<bordersize>1</bordersize>
									<visible>!IsEmpty(ListItem.Property(DBID))</visible>
								</control>
								<control type="image">
									<left>0</left>
									<width>320</width>
									<height>460</height>
									<texture border="1" colordiffuse="66FFFFFF">black.png</texture>
									<bordersize>20</bordersize>
								</control>
								<control type="label">
									<top>450</top>
									<width>320</width>
									<height>60</height>
									<align>center</align>
									<aligny>center</aligny>
									<textoffsetx>15</textoffsetx>
									<textcolor>grey</textcolor>
									<font>font15</font>
									<label>$INFO[ListItem.Label]</label>
								</control>
								<control type="label">
									<top>505</top>
									<width>320</width>
									<height>60</height>
									<align>center</align>
									<aligny>center</aligny>
									<textoffsetx>15</textoffsetx>
									<font>font15</font>
									<textcolor>grey2</textcolor>
									<label>$INFO[ListItem.Property(Character)]</label>
								</control>
							</itemlayout>
							<focusedlayout width="320" height="580">
								<control type="image">
									<left>0</left>
									<width>320</width>
									<height>460</height>
									<aspectratio scalediffuse="false">scale</aspectratio>
									<texture background="true" fallback="DefaultVideo.png">$INFO[ListItem.Thumb]</texture>
									<bordertexture border="20">thumbs/thumb_shadow.png</bordertexture>
									<fadetime>400</fadetime>
									<bordersize>20</bordersize>
								</control>
								<control type="image">
									<top>4</top>
									<left>4</left>
									<width>312</width>
									<height>452</height>
									<texture border="10">thumbs/thumbnail_focused.png</texture>
									<bordersize>8</bordersize>
									<animation effect="fade" start="100" end="0" time="200" reversible="false">UnFocus</animation>
									<animation effect="fade" start="0" end="100" time="200" reversible="false">Focus</animation>
								</control>
								<control type="image">
									<left>200</left>
									<top>19</top>
									<width>100</width>
									<height>100</height>
									<texture>overlays/showcase/1/OverlayWatched.png</texture>
									<aspectratio align="center" aligny="top">keep</aspectratio>
									<bordersize>1</bordersize>
									<visible>!IsEmpty(ListItem.Property(DBID))</visible>
								</control>
								<control type="image">
									<left>0</left>
									<width>320</width>
									<height>460</height>
									<texture border="1" colordiffuse="66FFFFFF">black.png</texture>
									<animation effect="fade" start="100" end="0" time="200" reversible="false">Focus</animation>
									<animation effect="fade" start="0" end="100" time="200" reversible="false">UnFocus</animation>
									<bordersize>20</bordersize>
								</control>
								<control type="label">
									<top>450</top>
									<width>320</width>
									<height>60</height>
									<align>center</align>
									<aligny>center</aligny>
									<textoffsetx>15</textoffsetx>
									<textcolor>grey</textcolor>
									<font>font15</font>
									<label>$INFO[ListItem.Label]</label>
								</control>
								<control type="label">
									<top>505</top>
									<width>320</width>
									<height>60</height>
									<align>center</align>
									<aligny>center</aligny>
									<textoffsetx>15</textoffsetx>
									<font>font15</font>
									<textcolor>grey2</textcolor>
									<label>$INFO[ListItem.Property(Character)]</label>
								</control>
							</focusedlayout>
						</control>
					</control>
					<control type="group" id="2500">
						<top>40</top>
						<height>680</height>
						<visible>IntegerGreaterThan(Container(250).NumItems,0)</visible>
						<control type="label">
							<left>30</left>
							<width>500</width>
							<height>25</height>
							<textcolor>grey</textcolor>
							<aligny>center</aligny>
							<font>font15</font>
							<label>TV Show actor roles</label>
						</control>
						<control type="panel" id="250">
							<left>0</left>
							<top>40</top>
							<width>1920</width>
							<height>580</height>
							<onleft>250</onleft>
							<onright>250</onright>
							<onup>150</onup>
							<ondown>550</ondown>
							<orientation>horizontal</orientation>
							<viewtype label="Wall">icon</viewtype>
							<pagecontrol>60</pagecontrol>
							<preloaditems>2</preloaditems>
							<scrolltime tween="quadratic">400</scrolltime>
							<focusposition>1</focusposition>
							<animation effect="fade" start="0" end="100" time="500" tween="sine" easing="inout">VisibleChange</animation>
							<itemlayout width="320" height="580">
								<control type="image">
									<left>0</left>
									<width>320</width>
									<height>460</height>
									<aspectratio scalediffuse="false">scale</aspectratio>
									<texture background="true" fallback="DefaultVideo.png">$INFO[ListItem.Thumb]</texture>
									<bordertexture border="20">thumbs/thumb_shadow.png</bordertexture>
									<fadetime>400</fadetime>
									<bordersize>20</bordersize>
								</control>
								<control type="image">
									<left>200</left>
									<top>19</top>
									<width>100</width>
									<height>100</height>
									<texture>overlays/showcase/1/OverlayWatched.png</texture>
									<aspectratio align="center" aligny="top">keep</aspectratio>
									<bordersize>1</bordersize>
									<visible>!IsEmpty(ListItem.Property(DBID))</visible>
								</control>
								<control type="image">
									<left>0</left>
									<width>320</width>
									<height>460</height>
									<texture border="1" colordiffuse="66FFFFFF">black.png</texture>
									<bordersize>20</bordersize>
								</control>
								<control type="label">
									<top>450</top>
									<width>320</width>
									<height>60</height>
									<align>center</align>
									<aligny>center</aligny>
									<textoffsetx>15</textoffsetx>
									<textcolor>grey</textcolor>
									<font>font15</font>
									<label>$INFO[ListItem.Label]</label>
								</control>
								<control type="label">
									<top>505</top>
									<width>320</width>
									<height>60</height>
									<align>center</align>
									<aligny>center</aligny>
									<textoffsetx>15</textoffsetx>
									<font>font15</font>
									<textcolor>grey2</textcolor>
									<label>$INFO[ListItem.Property(Character)]</label>
								</control>
							</itemlayout>
							<focusedlayout width="320" height="580">
								<control type="image">
									<left>0</left>
									<width>320</width>
									<height>460</height>
									<aspectratio scalediffuse="false">scale</aspectratio>
									<texture background="true" fallback="DefaultVideo.png">$INFO[ListItem.Thumb]</texture>
									<bordertexture border="20">thumbs/thumb_shadow.png</bordertexture>
									<fadetime>400</fadetime>
									<bordersize>20</bordersize>
								</control>
								<control type="image">
									<top>4</top>
									<left>4</left>
									<width>312</width>
									<height>452</height>
									<texture border="10">thumbs/thumbnail_focused.png</texture>
									<bordersize>8</bordersize>
									<animation effect="fade" start="100" end="0" time="200" reversible="false">UnFocus</animation>
									<animation effect="fade" start="0" end="100" time="200" reversible="false">Focus</animation>
								</control>
								<control type="image">
									<left>200</left>
									<top>19</top>
									<width>100</width>
									<height>100</height>
									<texture>overlays/showcase/1/OverlayWatched.png</texture>
									<aspectratio align="center" aligny="top">keep</aspectratio>
									<bordersize>1</bordersize>
									<visible>!IsEmpty(ListItem.Property(DBID))</visible>
								</control>
								<control type="image">
									<left>0</left>
									<width>320</width>
									<height>460</height>
									<texture border="1" colordiffuse="66FFFFFF">black.png</texture>
									<animation effect="fade" start="100" end="0" time="200" reversible="false">Focus</animation>
									<animation effect="fade" start="0" end="100" time="200" reversible="false">UnFocus</animation>
									<bordersize>20</bordersize>
								</control>
								<control type="label">
									<top>450</top>
									<width>320</width>
									<height>60</height>
									<align>center</align>
									<aligny>center</aligny>
									<textoffsetx>15</textoffsetx>
									<textcolor>grey</textcolor>
									<font>font15</font>
									<label>$INFO[ListItem.Label]</label>
								</control>
								<control type="label">
									<top>505</top>
									<width>320</width>
									<height>60</height>
									<align>center</align>
									<aligny>center</aligny>
									<textoffsetx>15</textoffsetx>
									<font>font15</font>
									<textcolor>grey2</textcolor>
									<label>$INFO[ListItem.Property(Character)]</label>
								</control>
							</focusedlayout>
						</control>
					</control>
					<control type="group" id="5500">
						<visible>IntegerGreaterThan(Container(550).NumItems,0)</visible>
						<top>40</top>
						<height>680</height>
						<control type="label">
							<left>30</left>
							<width>500</width>
							<height>25</height>
							<textcolor>grey</textcolor>
							<aligny>center</aligny>
							<font>font15</font>
							<label>Movie crew member</label>
						</control>
						<control type="panel" id="550">
							<left>0</left>
							<top>40</top>
							<width>1920</width>
							<height>580</height>
							<onleft>550</onleft>
							<onright>550</onright>
							<onup>250</onup>
							<ondown>650</ondown>
							<orientation>horizontal</orientation>
							<viewtype label="Wall">icon</viewtype>
							<pagecontrol>60</pagecontrol>
							<preloaditems>2</preloaditems>
							<scrolltime tween="quadratic">400</scrolltime>
							<focusposition>1</focusposition>
							<animation effect="fade" start="0" end="100" time="500" tween="sine" easing="inout">VisibleChange</animation>
							<itemlayout width="320" height="580">
								<control type="image">
									<left>0</left>
									<width>320</width>
									<height>460</height>
									<aspectratio scalediffuse="false">scale</aspectratio>
									<texture background="true" fallback="DefaultVideo.png">$INFO[ListItem.Thumb]</texture>
									<bordertexture border="20">thumbs/thumb_shadow.png</bordertexture>
									<fadetime>400</fadetime>
									<bordersize>20</bordersize>
								</control>
								<control type="image">
									<left>200</left>
									<top>19</top>
									<width>100</width>
									<height>100</height>
									<texture>overlays/showcase/1/OverlayWatched.png</texture>
									<aspectratio align="center" aligny="top">keep</aspectratio>
									<bordersize>1</bordersize>
									<visible>!IsEmpty(ListItem.Property(DBID))</visible>
								</control>
								<control type="image">
									<left>0</left>
									<width>320</width>
									<height>460</height>
									<texture border="1" colordiffuse="66FFFFFF">black.png</texture>
									<bordersize>20</bordersize>
								</control>
								<control type="label">
									<top>450</top>
									<width>320</width>
									<height>60</height>
									<align>center</align>
									<aligny>center</aligny>
									<textoffsetx>15</textoffsetx>
									<textcolor>grey</textcolor>
									<font>font15</font>
									<label>$INFO[ListItem.Label]</label>
								</control>
								<control type="label">
									<top>505</top>
									<width>320</width>
									<height>60</height>
									<align>center</align>
									<aligny>center</aligny>
									<textoffsetx>15</textoffsetx>
									<font>font15</font>
									<textcolor>grey2</textcolor>
									<label>$INFO[ListItem.Property(Job)]</label>
								</control>
							</itemlayout>
							<focusedlayout width="320" height="580">
								<control type="image">
									<left>0</left>
									<width>320</width>
									<height>460</height>
									<aspectratio scalediffuse="false">scale</aspectratio>
									<texture background="true" fallback="DefaultVideo.png">$INFO[ListItem.Thumb]</texture>
									<bordertexture border="20">thumbs/thumb_shadow.png</bordertexture>
									<fadetime>400</fadetime>
									<bordersize>20</bordersize>
								</control>
								<control type="image">
									<top>4</top>
									<left>4</left>
									<width>312</width>
									<height>452</height>
									<texture border="10">thumbs/thumbnail_focused.png</texture>
									<bordersize>8</bordersize>
									<animation effect="fade" start="100" end="0" time="200" reversible="false">UnFocus</animation>
									<animation effect="fade" start="0" end="100" time="200" reversible="false">Focus</animation>
								</control>
								<control type="image">
									<left>200</left>
									<top>19</top>
									<width>100</width>
									<height>100</height>
									<texture>overlays/showcase/1/OverlayWatched.png</texture>
									<aspectratio align="center" aligny="top">keep</aspectratio>
									<bordersize>1</bordersize>
									<visible>!IsEmpty(ListItem.Property(DBID))</visible>
								</control>
								<control type="image">
									<left>0</left>
									<width>320</width>
									<height>460</height>
									<texture border="1" colordiffuse="66FFFFFF">black.png</texture>
									<animation effect="fade" start="100" end="0" time="200" reversible="false">Focus</animation>
									<animation effect="fade" start="0" end="100" time="200" reversible="false">UnFocus</animation>
									<bordersize>20</bordersize>
								</control>
								<control type="label">
									<top>450</top>
									<width>320</width>
									<height>60</height>
									<align>center</align>
									<aligny>center</aligny>
									<textoffsetx>15</textoffsetx>
									<textcolor>grey</textcolor>
									<font>font15</font>
									<label>$INFO[ListItem.Label]</label>
								</control>
								<control type="label">
									<top>505</top>
									<width>320</width>
									<height>60</height>
									<align>center</align>
									<aligny>center</aligny>
									<textoffsetx>15</textoffsetx>
									<font>font15</font>
									<textcolor>grey2</textcolor>
									<label>$INFO[ListItem.Property(Job)]</label>
								</control>
							</focusedlayout>
						</control>
					</control>
					<control type="group" id="6500">
						<visible>IntegerGreaterThan(Container(650).NumItems,0)</visible>
						<top>40</top>
						<height>680</height>
						<control type="label">
							<left>30</left>
							<width>500</width>
							<height>25</height>
							<textcolor>grey</textcolor>
							<aligny>center</aligny>
							<font>font15</font>
							<label>TVShow crew member</label>
						</control>
						<control type="panel" id="650">
							<left>0</left>
							<top>40</top>
							<width>1920</width>
							<height>580</height>
							<onleft>650</onleft>
							<onright>650</onright>
							<onup>550</onup>
							<ondown>350</ondown>
							<orientation>horizontal</orientation>
							<viewtype label="Wall">icon</viewtype>
							<pagecontrol>60</pagecontrol>
							<preloaditems>2</preloaditems>
							<scrolltime tween="quadratic">400</scrolltime>
							<focusposition>1</focusposition>
							<animation effect="fade" start="0" end="100" time="500" tween="sine" easing="inout">VisibleChange</animation>
							<itemlayout width="320" height="580">
								<control type="image">
									<left>0</left>
									<width>320</width>
									<height>460</height>
									<aspectratio scalediffuse="false">scale</aspectratio>
									<texture background="true" fallback="DefaultVideo.png">$INFO[ListItem.Thumb]</texture>
									<bordertexture border="20">thumbs/thumb_shadow.png</bordertexture>
									<fadetime>400</fadetime>
									<bordersize>20</bordersize>
								</control>
								<control type="image">
									<left>200</left>
									<top>19</top>
									<width>100</width>
									<height>100</height>
									<texture>overlays/showcase/1/OverlayWatched.png</texture>
									<aspectratio align="center" aligny="top">keep</aspectratio>
									<bordersize>1</bordersize>
									<visible>!IsEmpty(ListItem.Property(DBID))</visible>
								</control>
								<control type="image">
									<left>0</left>
									<width>320</width>
									<height>460</height>
									<texture border="1" colordiffuse="66FFFFFF">black.png</texture>
									<bordersize>20</bordersize>
								</control>
								<control type="label">
									<top>450</top>
									<width>320</width>
									<height>60</height>
									<align>center</align>
									<aligny>center</aligny>
									<textoffsetx>15</textoffsetx>
									<textcolor>grey</textcolor>
									<font>font15</font>
									<label>$INFO[ListItem.Label]</label>
								</control>
								<control type="label">
									<top>505</top>
									<width>320</width>
									<height>60</height>
									<align>center</align>
									<aligny>center</aligny>
									<textoffsetx>15</textoffsetx>
									<font>font15</font>
									<textcolor>grey2</textcolor>
									<label>$INFO[ListItem.Property(Job)]</label>
								</control>
							</itemlayout>
							<focusedlayout width="320" height="580">
								<control type="image">
									<left>0</left>
									<width>320</width>
									<height>460</height>
									<aspectratio scalediffuse="false">scale</aspectratio>
									<texture background="true" fallback="DefaultVideo.png">$INFO[ListItem.Thumb]</texture>
									<bordertexture border="20">thumbs/thumb_shadow.png</bordertexture>
									<fadetime>400</fadetime>
									<bordersize>20</bordersize>
								</control>
								<control type="image">
									<top>4</top>
									<left>4</left>
									<width>312</width>
									<height>452</height>
									<texture border="10">thumbs/thumbnail_focused.png</texture>
									<bordersize>8</bordersize>
									<animation effect="fade" start="100" end="0" time="200" reversible="false">UnFocus</animation>
									<animation effect="fade" start="0" end="100" time="200" reversible="false">Focus</animation>
								</control>
								<control type="image">
									<left>200</left>
									<top>19</top>
									<width>100</width>
									<height>100</height>
									<texture>overlays/showcase/1/OverlayWatched.png</texture>
									<aspectratio align="center" aligny="top">keep</aspectratio>
									<bordersize>1</bordersize>
									<visible>!IsEmpty(ListItem.Property(DBID))</visible>
								</control>
								<control type="image">
									<left>0</left>
									<width>320</width>
									<height>460</height>
									<texture border="1" colordiffuse="66FFFFFF">black.png</texture>
									<animation effect="fade" start="100" end="0" time="200" reversible="false">Focus</animation>
									<animation effect="fade" start="0" end="100" time="200" reversible="false">UnFocus</animation>
									<bordersize>20</bordersize>
								</control>
								<control type="label">
									<top>450</top>
									<width>320</width>
									<height>60</height>
									<align>center</align>
									<aligny>center</aligny>
									<textoffsetx>15</textoffsetx>
									<textcolor>grey</textcolor>
									<font>font15</font>
									<label>$INFO[ListItem.Label]</label>
								</control>
								<control type="label">
									<top>505</top>
									<width>320</width>
									<height>60</height>
									<align>center</align>
									<aligny>center</aligny>
									<textoffsetx>15</textoffsetx>
									<font>font15</font>
									<textcolor>grey2</textcolor>
									<label>$INFO[ListItem.Property(Job)]</label>
								</control>
							</focusedlayout>
						</control>
					</control>
					<control type="group" id="3500">
						<visible>IntegerGreaterThan(Container(350).NumItems,0)</visible>
						<height>500</height>
						<top>40</top>
						<control type="label">
							<left>30</left>
							<width>500</width>
							<height>25</height>
							<textcolor>grey</textcolor>
							<aligny>center</aligny>
							<font>font15</font>
							<label>Youtube Videos</label>
						</control>
						<control type="panel" id="350">
							<left>0</left>
							<top>40</top>
							<width>1920</width>
							<height>580</height>
							<onleft>350</onleft>
							<onright>350</onright>
							<onup>650</onup>
							<ondown>450</ondown>
							<orientation>horizontal</orientation>
							<viewtype label="Wall">icon</viewtype>
							<pagecontrol>60</pagecontrol>
							<preloaditems>2</preloaditems>
							<scrolltime tween="quadratic">400</scrolltime>
							<focusposition>1</focusposition>
							<animation effect="fade" start="0" end="100" time="500" tween="sine" easing="inout">VisibleChange</animation>
							<itemlayout width="600" height="580">
								<control type="image">
									<left>0</left>
									<width>600</width>
									<height>354</height>
									<aspectratio scalediffuse="false">scale</aspectratio>
									<texture background="true" fallback="DefaultVideo.png">$INFO[ListItem.Thumb]</texture>
									<bordertexture border="20">thumbs/thumb_shadow.png</bordertexture>
									<fadetime>400</fadetime>
									<bordersize>20</bordersize>
								</control>
								<control type="image">
									<left>0</left>
									<width>600</width>
									<height>354</height>
									<texture border="1" colordiffuse="66FFFFFF">black.png</texture>
									<bordersize>20</bordersize>
								</control>
								<control type="label">
									<top>344</top>
									<width>600</width>
									<height>60</height>
									<align>center</align>
									<aligny>center</aligny>
									<textoffsetx>15</textoffsetx>
									<textcolor>grey</textcolor>
									<font>font15</font>
									<label>$INFO[ListItem.Label]</label>
								</control>
							</itemlayout>
							<focusedlayout width="600" height="580">
								<control type="image">
									<left>0</left>
									<width>600</width>
									<height>354</height>
									<aspectratio scalediffuse="false">scale</aspectratio>
									<texture background="true" fallback="DefaultVideo.png">$INFO[ListItem.Thumb]</texture>
									<bordertexture border="20">thumbs/thumb_shadow.png</bordertexture>
									<fadetime>400</fadetime>
									<bordersize>20</bordersize>
								</control>
								<control type="image">
									<top>4</top>
									<left>4</left>
									<width>592</width>
									<height>346</height>
									<texture border="10">thumbs/thumbnail_focused.png</texture>
									<bordersize>8</bordersize>
									<animation effect="fade" start="100" end="0" time="200" reversible="false">UnFocus</animation>
									<animation effect="fade" start="0" end="100" time="200" reversible="false">Focus</animation>
								</control>
								<control type="image">
									<left>0</left>
									<width>600</width>
									<height>354</height>
									<texture border="1" colordiffuse="66FFFFFF">black.png</texture>
									<animation effect="fade" start="100" end="0" time="200" reversible="false">Focus</animation>
									<animation effect="fade" start="0" end="100" time="200" reversible="false">UnFocus</animation>
									<bordersize>20</bordersize>
								</control>
								<control type="label">
									<top>344</top>
									<width>600</width>
									<height>60</height>
									<align>center</align>
									<aligny>center</aligny>
									<textoffsetx>15</textoffsetx>
									<textcolor>grey</textcolor>
									<font>font15</font>
									<label>$INFO[ListItem.Label]</label>
								</control>
							</focusedlayout>
						</control>
					</control>
					<control type="group" id="4500">
						<top>40</top>
						<height>680</height>
						<visible>IntegerGreaterThan(Container(450).NumItems,0)</visible>
						<control type="label">
							<left>30</left>
							<width>500</width>
							<height>25</height>
							<textcolor>grey</textcolor>
							<aligny>center</aligny>
							<font>font15</font>
							<label>Artwork</label>
						</control>
						<control type="panel" id="450">
							<left>0</left>
							<top>40</top>
							<width>1920</width>
							<height>500</height>
							<onleft>450</onleft>
							<onright>450</onright>
							<onup>350</onup>
							<ondown>750</ondown>
							<orientation>horizontal</orientation>
							<viewtype label="Wall">icon</viewtype>
							<pagecontrol>60</pagecontrol>
							<preloaditems>2</preloaditems>
							<scrolltime tween="quadratic">400</scrolltime>
							<focusposition>1</focusposition>
							<animation effect="fade" start="0" end="100" time="500" tween="sine" easing="inout">VisibleChange</animation>
							<itemlayout width="320" height="500">
								<control type="image">
									<left>0</left>
									<width>320</width>
									<height>460</height>
									<aspectratio scalediffuse="false">scale</aspectratio>
									<texture background="true" fallback="DefaultVideo.png">$INFO[ListItem.Thumb]</texture>
									<bordertexture border="20">thumbs/thumb_shadow.png</bordertexture>
									<fadetime>400</fadetime>
									<bordersize>20</bordersize>
								</control>
								<control type="image">
									<left>0</left>
									<width>320</width>
									<height>460</height>
									<texture border="1" colordiffuse="66FFFFFF">black.png</texture>
									<bordersize>20</bordersize>
								</control>
							</itemlayout>
							<focusedlayout width="320" height="500">
								<control type="image">
									<left>0</left>
									<width>320</width>
									<height>460</height>
									<aspectratio scalediffuse="false">scale</aspectratio>
									<texture background="true" fallback="DefaultVideo.png">$INFO[ListItem.Thumb]</texture>
									<bordertexture border="20">thumbs/thumb_shadow.png</bordertexture>
									<fadetime>400</fadetime>
									<bordersize>20</bordersize>
								</control>
								<control type="image">
									<top>4</top>
									<left>4</left>
									<width>312</width>
									<height>452</height>
									<texture border="10">thumbs/thumbnail_focused.png</texture>
									<bordersize>8</bordersize>
									<animation effect="fade" start="100" end="0" time="200" reversible="false">UnFocus</animation>
									<animation effect="fade" start="0" end="100" time="200" reversible="false">Focus</animation>
								</control>
								<control type="image">
									<left>0</left>
									<width>320</width>
									<height>460</height>
									<texture border="1" colordiffuse="66FFFFFF">black.png</texture>
									<animation effect="fade" start="100" end="0" time="200" reversible="false">Focus</animation>
									<animation effect="fade" start="0" end="100" time="200" reversible="false">UnFocus</animation>
									<bordersize>20</bordersize>
								</control>
							</focusedlayout>
						</control>
					</control>
					<control type="group" id="7500">
						<top>40</top>
						<height>680</height>
						<visible>IntegerGreaterThan(Container(750).NumItems,0)</visible>
						<control type="label">
							<left>30</left>
							<width>500</width>
							<height>25</height>
							<textcolor>grey</textcolor>
							<aligny>center</aligny>
							<font>font15</font>
							<label>Fanart</label>
						</control>
						<control type="panel" id="750">
							<left>0</left>
							<top>40</top>
							<width>1920</width>
							<height>580</height>
							<onleft>750</onleft>
							<onright>750</onright>
							<onup>450</onup>
							<ondown>noop</ondown>
							<orientation>horizontal</orientation>
							<viewtype label="Wall">icon</viewtype>
							<pagecontrol>60</pagecontrol>
							<preloaditems>2</preloaditems>
							<scrolltime tween="quadratic">400</scrolltime>
							<focusposition>1</focusposition>
							<animation effect="fade" start="0" end="100" time="500" tween="sine" easing="inout">VisibleChange</animation>
							<itemlayout width="600" height="580">
								<control type="image">
									<left>0</left>
									<width>600</width>
									<height>354</height>
									<aspectratio scalediffuse="false">scale</aspectratio>
									<texture background="true" fallback="DefaultVideo.png">$INFO[ListItem.Thumb]</texture>
									<bordertexture border="20">thumbs/thumb_shadow.png</bordertexture>
									<fadetime>400</fadetime>
									<bordersize>20</bordersize>
								</control>
								<control type="image">
									<left>0</left>
									<width>600</width>
									<height>354</height>
									<texture border="1" colordiffuse="66FFFFFF">black.png</texture>
									<bordersize>20</bordersize>
								</control>
								<control type="label">
									<top>344</top>
									<width>600</width>
									<height>60</height>
									<align>center</align>
									<aligny>center</aligny>
									<textoffsetx>15</textoffsetx>
									<textcolor>grey</textcolor>
									<font>font15</font>
									<label>$INFO[ListItem.Label]</label>
								</control>
							</itemlayout>
							<focusedlayout width="600" height="580">
								<control type="image">
									<left>0</left>
									<width>600</width>
									<height>354</height>
									<aspectratio scalediffuse="false">scale</aspectratio>
									<texture background="true" fallback="DefaultVideo.png">$INFO[ListItem.Thumb]</texture>
									<bordertexture border="20">thumbs/thumb_shadow.png</bordertexture>
									<fadetime>400</fadetime>
									<bordersize>20</bordersize>
								</control>
								<control type="image">
									<top>4</top>
									<left>4</left>
									<width>592</width>
									<height>346</height>
									<texture border="10">thumbs/thumbnail_focused.png</texture>
									<bordersize>8</bordersize>
									<animation effect="fade" start="100" end="0" time="200" reversible="false">UnFocus</animation>
									<animation effect="fade" start="0" end="100" time="200" reversible="false">Focus</animation>
								</control>
								<control type="image">
									<left>0</left>
									<width>600</width>
									<height>354</height>
									<texture border="1" colordiffuse="66FFFFFF">black.png</texture>
									<animation effect="fade" start="100" end="0" time="200" reversible="false">Focus</animation>
									<animation effect="fade" start="0" end="100" time="200" reversible="false">UnFocus</animation>
									<bordersize>20</bordersize>
								</control>
								<control type="label">
									<top>344</top>
									<width>600</width>
									<height>60</height>
									<align>center</align>
									<aligny>center</aligny>
									<textoffsetx>15</textoffsetx>
									<textcolor>grey</textcolor>
									<font>font15</font>
									<label>$INFO[ListItem.Label]</label>
								</control>
							</focusedlayout>
						</control>
					</control>
				</control>
				<control type="image">
					<left>-40</left>
					<top>-20</top>
					<width>1920</width>
					<height>120</height>
					<texture border="1">bottom_shadow.png</texture>
					<animation effect="fade" time="500">VisibleChange</animation>
					<visible>ControlGroup(5000).HasFocus</visible>
				</control>
				<control type="image">
					<left>-40</left>
					<top>940</top>
					<width>1920</width>
					<height>120</height>
					<texture border="1" flipy="true">bottom_shadow.png</texture>
					<animation effect="fade" time="500">VisibleChange</animation>
					<visible>ControlGroup(5000).HasFocus</visible>
				</control>
			</control>
            <control type="group">
				<left>3</left>
				<top>0</top>
				<animation effect="slide" start="0,0" end="0,-580" time="500" tween="quadratic" condition="ControlGroup(5000).HasFocus()">Conditional</animation>
				<control type="image">
					<top>450</top>
					<width>594</width>
					<height>60</height>
					<texture border="1">separator2.png</texture>
					<visible>!IntegerGreaterThan(Container(300).NumItems,4)</visible>
				</control>
				<control type="image">
					<left>594</left>
					<top>450</top>
					<width>594</width>
					<height>60</height>
					<texture border="1">separator2.png</texture>
					<visible>!IntegerGreaterThan(Container(300).NumItems,7)</visible>
				</control>
                <control type="grouplist" id="9000">
                    <left>1</left>
                    <top>510</top>
                    <width>1192</width>
                    <height>60</height>
                    <itemgap>0</itemgap>
                    <onleft>9000</onleft>
                    <onright>9000</onright>
                    <onup>300</onup>
                    <align>left</align>
                    <ondown condition="Control.IsVisible(800)">60</ondown>
                    <ondown condition="Control.IsVisible(150)">150</ondown>
                    <orientation>horizontal</orientation>
                    <control type="togglebutton" id="30">
                        <description>Biography/Movies</description>
                        <include>ButtonInfoDialogsCommonValues</include>
                        <label>342</label>
                        <altlabel>21887</altlabel>
                    </control>
                    <control type="image" id="31">
                        <width>2</width>
                        <height>58</height>
                        <texture border="1">separator3.png</texture>
                    </control>
                    <control type="button" id="32">
                        <include>ButtonInfoDialogsCommonValues</include>
                        <label>-</label>
                        <enable>false</enable>
                    </control>
                    <control type="image" id="33">
                        <width>2</width>
                        <height>58</height>
                        <texture border="1">separator3.png</texture>
                    </control>
                    <control type="button" id="34">
                        <include>ButtonInfoDialogsCommonValues</include>
                        <label>-</label>
                        <enable>false</enable>
                    </control>
                    <control type="image" id="35">
                        <width>2</width>
                        <height>58</height>
                        <texture border="1">separator3.png</texture>
                    </control>
                    <control type="button" id="36">
                        <include>ButtonInfoDialogsCommonValues</include>
                        <label>-</label>
                        <enable>false</enable>
                    </control>
                    <control type="image" id="37">
                        <width>2</width>
                        <height>58</height>
                        <texture border="1">separator3.png</texture>
                    </control>
                    <control type="button" id="38">
						<description>Refresh</description>
						<font>IconMedium</font>
						<width>80</width>
						<include>ButtonInfoDialogsCommonValues</include>
						<label></label>
						<enable>false</enable>
					</control>
					<control type="image" id="39">
						<width>2</width>
						<height>58</height>
						<texture border="1">separator3.png</texture>
					</control>
					<control type="button" id="340">
						<description>Extras</description>
						<font>IconMedium</font>
						<width>80</width>
						<include>ButtonInfoDialogsCommonValues</include>
						<label>+</label>
						<enable>false</enable>
					</control>
                </control>
            </control>
		</control>
	</controls>
</window>