<?xml version="1.0" encoding="UTF-8"?>
<includes>
	<!-- Video Episode -->
	<include name="VideoEpisode">
		<control type="group">
			<visible>Control.IsVisible(502) + !Window.IsActive(addoninformation)</visible>
			<include>ViewAnimation</include>
			<control type="group">
				<left>0</left>
				<top>0</top>
				<control type="image">
					<left>50</left>
					<top>900</top>
					<width>390</width>
					<height>164</height>
					<aspectratio aligny="bottom">keep</aspectratio>
					<texture background="true">$INFO[ListItem.Art(tvshow.clearlogo)]</texture>
					<visible>!Skin.HasSetting(alternatelayoutepisode)</visible>
				</control>
				<control type="image">
					<left>1475</left>
					<top>900</top>
					<width>390</width>
					<height>164</height>
					<aspectratio aligny="bottom">keep</aspectratio>
					<texture background="true">$INFO[ListItem.Art(tvshow.clearlogo)]</texture>
					<visible>Skin.HasSetting(alternatelayoutepisode)</visible>
				</control>
				<control type="fixedlist" id="502">
					<left>0</left>
					<top>160</top>
					<width>1920</width>
					<height>780</height>
					<orientation>vertical</orientation>
					<movement>2</movement>
					<focusposition>3</focusposition>
					<onleft>SetProperty(MediaMenu,True,home)</onleft>
					<onleft>SetFocus(9050)</onleft>
					<onright>60</onright>
					<onup>502</onup>
					<ondown>502</ondown>
					<pagecontrol>60</pagecontrol>
					<viewtype label="Episode">list</viewtype>
					<scrolltime tween="quadratic" easing="out">200</scrolltime>
					<visible>Container.Content(episodes)</visible>
					<animation effect="slide" end="0,0" time="160" condition="Container(502).Row(0)">Conditional</animation>
					<animation effect="slide" end="0,0" time="160" condition="Container(502).Row(1)">Conditional</animation>
					<animation effect="slide" end="0,0" time="160" condition="Container(502).Row(2)">Conditional</animation>
					<animation effect="slide" end="0,0" time="160" condition="Container(502).Row(3)">Conditional</animation>
					<animation effect="slide" end="0,0" time="160" condition="Container(502).Row(4)">Conditional</animation>
					<animation effect="slide" end="0,0" time="160" condition="Container(502).Row(5)">Conditional</animation>
					<itemlayout height="100" width="1920" condition="Container.Content(episodes)">
						<control type="label">
							<left>920</left>
							<width>790</width>
							<height>70</height>
							<font>font30</font>
							<textcolor>grey2</textcolor>
							<selectedcolor>selected</selectedcolor>
							<align>right</align>
							<aligny>center</aligny>
							<label>$INFO[ListItem.Label]</label>
							<visible>!Skin.HasSetting(alternatelayoutepisode)</visible>
						</control>
						<control type="label">
							<left>200</left>
							<width>790</width>
							<height>70</height>
							<font>font30</font>
							<textcolor>grey2</textcolor>
							<selectedcolor>selected</selectedcolor>
							<align>left</align>
							<aligny>center</aligny>
							<label>$INFO[ListItem.Label]</label>
							<visible>Skin.HasSetting(alternatelayoutepisode)</visible>
						</control>
						<control type="image">
							<left>1750</left>
							<top>5</top>
							<width>64</width>
							<height>64</height>
							<aspectratio>keep</aspectratio>
							<texture>$VAR[ListItem.Overlay]</texture>
							<visible>!Skin.HasSetting(alternatelayoutepisode)</visible>
						</control>
						<control type="image">
							<left>100</left>
							<top>5</top>
							<width>64</width>
							<height>64</height>
							<aspectratio>keep</aspectratio>
							<texture>$VAR[ListItem.Overlay]</texture>
							<visible>Skin.HasSetting(alternatelayoutepisode)</visible>
						</control>
					</itemlayout>
					<focusedlayout height="275" width="1920" condition="Container.Content(episodes)">
						<control type="image">
							<left>1250</left>
							<top>-20</top>
							<width>484</width>
							<height>290</height>
							<aspectratio>scale</aspectratio>
							<texture background="true">$INFO[ListItem.Icon]</texture>
							<fadetime>IconCrossfadeTime</fadetime>
							<bordertexture border="20">thumbs/thumb_shadow.png</bordertexture>
							<bordersize>20</bordersize>
							<visible>!Skin.HasSetting(alternatelayoutepisode)</visible>
						</control>
						<control type="image">
							<left>190</left>
							<top>-20</top>
							<width>484</width>
							<height>290</height>
							<aspectratio>scale</aspectratio>
							<texture background="true">$INFO[ListItem.Icon]</texture>
							<fadetime>IconCrossfadeTime</fadetime>
							<bordertexture border="20">thumbs/thumb_shadow.png</bordertexture>
							<bordersize>20</bordersize>
							<visible>Skin.HasSetting(alternatelayoutepisode)</visible>
						</control>
						<control type="image">
							<left>1270</left>
							<top>200</top>
							<width>444</width>
							<height>50</height>
							<texture>black.png</texture>
							<colordiffuse>88ffffff</colordiffuse>
							<visible>!IsEmpty(ListItem.Title)</visible>
							<visible>!Skin.HasSetting(alternatelayoutepisode)</visible>
						</control>
						<control type="image">
							<left>210</left>
							<top>200</top>
							<width>444</width>
							<height>50</height>
							<texture>black.png</texture>
							<colordiffuse>88ffffff</colordiffuse>
							<visible>!IsEmpty(ListItem.Title)</visible>
							<visible>Skin.HasSetting(alternatelayoutepisode)</visible>
						</control>
						<control type="label">
							<left>1270</left>
							<top>205</top>
							<width>444</width>
							<height>40</height>
							<align>left</align>
							<textoffsetx>10</textoffsetx>
							<textcolor>grey2</textcolor>
							<label>$INFO[ListItem.Label2]</label>
							<font>font14</font>
							<visible>!Skin.HasSetting(alternatelayoutepisode)</visible>
						</control>
						<control type="label">
							<left>-175</left>
							<top>205</top>
							<width>444</width>
							<height>40</height>
							<align>right</align>
							<textoffsetx>10</textoffsetx>
							<textcolor>grey2</textcolor>
							<label>$INFO[ListItem.Label2]</label>
							<font>font14</font>
							<visible>Skin.HasSetting(alternatelayoutepisode)</visible>
						</control>
						<control type="label">
							<left>1271</left>
							<top>205</top>
							<width>444</width>
							<height>40</height>
							<align>right</align>
							<textoffsetx>10</textoffsetx>
							<textcolor>grey2</textcolor>
							<label>$VAR[VideoListLabel2Var]</label>
							<font>font14</font>
							<visible>!Skin.HasSetting(alternatelayoutepisode)</visible>
						</control>
						<control type="label">
							<left>205</left>
							<top>205</top>
							<width>444</width>
							<height>40</height>
							<align>right</align>
							<textoffsetx>10</textoffsetx>
							<textcolor>grey2</textcolor>
							<label>$VAR[VideoListLabel2Var]</label>
							<font>font14</font>
							<visible>Skin.HasSetting(alternatelayoutepisode)</visible>
						</control>
						<control type="label">
							<top>-15</top>
							<width>1220</width>
							<height>70</height>
							<font>font30</font>
							<textcolor>white2</textcolor>
							<selectedcolor>selected</selectedcolor>
							<align>right</align>
							<aligny>center</aligny>
							<label>$INFO[ListItem.Label]</label>
							<visible>!Skin.HasSetting(alternatelayoutepisode)</visible>
							<animation effect="fade" start="100" end="70" time="300" tween="sine" easing="inout" condition="!Control.HasFocus(502)">Conditional</animation>
						</control>
						<control type="label">
							<top>-15</top>
							<left>700</left>
							<width>1220</width>
							<height>70</height>
							<font>font30</font>
							<textcolor>white2</textcolor>
							<selectedcolor>selected</selectedcolor>
							<align>left</align>
							<aligny>center</aligny>
							<label>$INFO[ListItem.Label]</label>
							<visible>Skin.HasSetting(alternatelayoutepisode)</visible>
							<animation effect="fade" start="100" end="70" time="300" tween="sine" easing="inout" condition="!Control.HasFocus(502)">Conditional</animation>
						</control>
						<control type="textbox">
							<label>$VAR[VideoPlotVar]</label>
							<top>70</top>
							<left>220</left>
							<width>1000</width>
							<height>180</height>
							<align>right</align>
							<textcolor>white2</textcolor>
							<font>font15_textbox</font>
							<visible>!Skin.HasSetting(alternatelayoutepisode)</visible>
							<autoscroll time="3000" delay="4000" repeat="5000">Skin.HasSetting(Enable.AutoScroll)</autoscroll>
							<animation effect="fade" start="100" end="70" time="300" tween="sine" easing="inout" condition="!Control.HasFocus(502)">Conditional</animation>
						</control>
						<control type="textbox">
							<label>$VAR[VideoPlotVar]</label>
							<top>70</top>
							<left>700</left>
							<width>1000</width>
							<height>180</height>
							<align>left</align>
							<textcolor>white2</textcolor>
							<font>font15_textbox</font>
							<visible>Skin.HasSetting(alternatelayoutepisode)</visible>
							<autoscroll time="3000" delay="4000" repeat="5000">Skin.HasSetting(Enable.AutoScroll)</autoscroll>
							<animation effect="fade" start="100" end="70" time="300" tween="sine" easing="inout" condition="!Control.HasFocus(502)">Conditional</animation>
						</control>
						<control type="image">
							<left>1750</left>
							<top>94</top>
							<width>64</width>
							<height>64</height>
							<aspectratio>keep</aspectratio>
							<texture>$VAR[ListItem.Overlay]</texture>
							<visible>!Skin.HasSetting(alternatelayoutepisode)</visible>
						</control>
						<control type="image">
							<left>100</left>
							<top>94</top>
							<width>64</width>
							<height>64</height>
							<aspectratio>keep</aspectratio>
							<texture>$VAR[ListItem.Overlay]</texture>
							<visible>Skin.HasSetting(alternatelayoutepisode)</visible>
						</control>
					</focusedlayout>
				</control>
				<control type="scrollbar" id="60">
					<left>1906</left>
					<top>180</top>
					<width>14</width>
					<height>780</height>
					<onup>60</onup>
					<ondown>60</ondown>
					<onleft>502</onleft>
					<onright>SetProperty(MediaMenu,True,home)</onright>
					<onright>SetFocus(9050)</onright>
					<texturesliderbackground>-</texturesliderbackground>
					<texturesliderbar colordiffuse="55ffffff" border="1">scrollbar/texturesliderbar2.png</texturesliderbar>
					<texturesliderbarfocus border="1">scrollbar/texturesliderbar2.png</texturesliderbarfocus>
					<showonepage>false</showonepage>
					<orientation>vertical</orientation>
				</control>
			</control>
		</control>
	</include>
</includes>