<?xml version="1.0" encoding="UTF-8"?>
<includes>
	<!-- Video LowList -->
	<include name="VideoLowList">
		<control type="group">
			<visible>Control.IsVisible(501) + !Window.IsActive(addoninformation)</visible>
			<include>ViewAnimation</include>
			<control type="image">
				<left>1500</left>
				<top>530</top>
				<width>390</width>
				<height>164</height>
				<aspectratio aligny="bottom">keep</aspectratio>
				<texture background="true">$INFO[ListItem.Art(clearlogo)]</texture>
				<visible>Skin.HasSetting(nohighlist) + Skin.HasSetting(lowlistlogo)</visible>
			</control>
			<control type="image">
				<left>1500</left>
				<top>530</top>
				<width>390</width>
				<height>164</height>
				<aspectratio aligny="bottom">keep</aspectratio>
				<texture background="true">$INFO[ListItem.Art(tvshow.clearlogo)]</texture>
				<visible>Skin.HasSetting(nohighlist) + Skin.HasSetting(lowlistlogo)</visible>
			</control>
			<control type="image">
				<top>710</top>
				<width>1920</width>
				<height>651</height>
				<texture border="1,32,1,1">bottombar.png</texture>
				<animation effect="slide" end="0,-170" time="120" condition="!Skin.HasSetting(nohighlist)">Conditional</animation>
			</control>
			<control type="group">
				<left>5</left>
				<top>442</top>
				<control type="image">
					<width>440</width>
					<height>640</height>
					<aspectratio aligny="bottom">keep</aspectratio>
					<texture background="true">$VAR[PosterVar]</texture>
					<fadetime>IconCrossfadeTime</fadetime>
					<bordertexture border="20">thumbs/thumb_shadow.png</bordertexture>
					<bordersize>20</bordersize>
				</control>
			</control>
			<control type="grouplist">
				<left>1270</left>
				<top>733</top>
				<width>650</width>
				<height>270</height>
				<animation effect="slide" end="0,-170" time="120" condition="!Skin.HasSetting(nohighlist)">Conditional</animation>
				<visible>![SubString(ListItem.Path,videodb://movies/sets) + !Stringcompare(ListItem.Label,..)]</visible>
				<control type="button">
					<label>[COLOR labelheader]$LOCALIZE[31000]:[/COLOR][CR]$INFO[ListItem.Director]</label>
					<width>650</width>
					<include>ShowCaseInfoPanelButtonsValues</include>
					<visible>!IsEmpty(ListItem.Director) + Container.Content(movies)</visible>
				</control>
				<control type="button">
					<label>[COLOR labelheader]$LOCALIZE[20416]:[/COLOR][CR]$INFO[ListItem.Premiered]</label>
					<width>650</width>
					<include>ShowCaseInfoPanelButtonsValues</include>
					<include>VisibleFadeEffect</include>
					<visible>!IsEmpty(ListItem.Premiered) + Container.Content(episodes)</visible>
				</control>
				<control type="button">
					<label>[COLOR labelheader]$LOCALIZE[31019]:[/COLOR][CR]$INFO[ListItem.Studio]</label>
					<width>650</width>
					<include>ShowCaseInfoPanelButtonsValues</include>
					<include>VisibleFadeEffect</include>
					<visible>!IsEmpty(ListItem.Studio) + Container.Content(episodes)</visible>
				</control>
				<control type="button">
					<label>[COLOR labelheader]$LOCALIZE[515]:[/COLOR][CR]$INFO[ListItem.Genre]</label>
					<width>650</width>
					<include>ShowCaseInfoPanelButtonsValues</include>
					<include>VisibleFadeEffect</include>
					<visible>!IsEmpty(ListItem.Genre)</visible>
				</control>
				<control type="button">
					<label>[COLOR labelheader]$LOCALIZE[2050]:[/COLOR][CR]$INFO[ListItem.Duration,, $LOCALIZE[12391]]</label>
					<width>650</width>
					<include>ShowCaseInfoPanelButtonsValues</include>
					<include>VisibleFadeEffect</include>
					<visible>!IsEmpty(ListItem.Duration)</visible>
				</control>
			</control>
			<control type="image">
				<left>1500</left>
				<top>733</top>
				<width>420</width>
				<height>269</height>
				<aspectratio>scale</aspectratio>
				<texture background="true">$INFO[ListItem.Art(thumb)]</texture>
				<fadetime>IconCrossfadeTime</fadetime>
				<bordertexture border="2">thumbs/panel_border3.png</bordertexture>
				<bordersize>2</bordersize>
				<visible>Container.Content(episodes)</visible>
				<animation effect="slide" end="0,-170" time="120" condition="!Skin.HasSetting(nohighlist)">Conditional</animation>
			</control>
			<control type="group">
				<left>1270</left>
				<top>733</top>
				<visible>!Skin.HasSetting(nohighlist) + ![Container.Content(tvshows) | Container.Content(seasons)]</visible>
				<include>VisibleFadeEffect</include>
				<control type="textbox" id="70">
					<label>$VAR[VideoPlotVar]</label>
					<left>15</left>
					<top>105</top>
					<width>615</width>
					<height>160</height>
					<font>font14_textbox</font>
					<pagecontrol>62</pagecontrol>
					<include>ShowCaseInfoPanelButtonsValues</include>
					<autoscroll time="3000" delay="4000" repeat="5000">Skin.HasSetting(Enable.AutoScroll) + !Control.HasFocus(62)</autoscroll>
					<visible>![SubString(ListItem.Path,videodb://movies/sets) + !Stringcompare(ListItem.Label,..)]</visible>
				</control>
				<control type="textbox" id="70">
					<label>$VAR[VideoPlotVar]</label>
					<left>15</left>
					<top>-150</top>
					<width>615</width>
					<height>400</height>
					<font>font14_textbox</font>
					<pagecontrol>62</pagecontrol>
					<include>ShowCaseInfoPanelButtonsValues</include>
					<autoscroll time="3000" delay="4000" repeat="5000">Skin.HasSetting(Enable.AutoScroll) + !Control.HasFocus(62)</autoscroll>
					<visible>[SubString(ListItem.Path,videodb://movies/sets) + !Stringcompare(ListItem.Label,..)]</visible>
				</control>
				<control type="scrollbar" id="62">
					<left>636</left>
					<top>105</top>
					<width>14</width>
					<height>160</height>
					<onup>PageUp(70)</onup>
					<ondown>PageUp(70)</ondown>
					<onleft>50</onleft>
					<onright>SetProperty(MediaMenu,True,home)</onright>
					<onright>SetFocus(9050)</onright>
					<texturesliderbackground>scrollbar/texturesliderbackground3.png</texturesliderbackground>
					<texturesliderbar colordiffuse="55ffffff" border="1">scrollbar/texturesliderbar3.png</texturesliderbar>
					<texturesliderbarfocus border="1">scrollbar/texturesliderbar3.png</texturesliderbarfocus>
					<showonepage>false</showonepage>
					<orientation>vertical</orientation>
					<visible>![SubString(ListItem.Path,videodb://movies/sets) + !Stringcompare(ListItem.Label,..)]</visible>
				</control>
				<control type="scrollbar" id="62">
					<left>636</left>
					<top>-150</top>
					<width>14</width>
					<height>450</height>
					<onup>PageUp(70)</onup>
					<ondown>PageUp(70)</ondown>
					<onleft>50</onleft>
					<onright>SetProperty(MediaMenu,True,home)</onright>
					<onright>SetFocus(9050)</onright>
					<texturesliderbackground>scrollbar/texturesliderbackground3.png</texturesliderbackground>
					<texturesliderbar colordiffuse="55ffffff" border="1">scrollbar/texturesliderbar3.png</texturesliderbar>
					<texturesliderbarfocus border="1">scrollbar/texturesliderbar3.png</texturesliderbarfocus>
					<showonepage>false</showonepage>
					<orientation>vertical</orientation>
					<visible>[SubString(ListItem.Path,videodb://movies/sets) + !Stringcompare(ListItem.Label,..)]</visible>
				</control>
			</control>
			<control type="group">
				<left>1270</left>
				<top>652</top>
				<visible>!Skin.HasSetting(nohighlist) + [Container.Content(tvshows) | Container.Content(seasons)]</visible>
				<include>VisibleFadeEffect</include>
				<control type="textbox" id="70">
					<label>$VAR[VideoPlotVar]</label>
					<left>15</left>
					<top>0</top>
					<width>615</width>
					<height>347</height>
					<font>font14_textbox</font>
					<pagecontrol>62</pagecontrol>
					<include>ShowCaseInfoPanelButtonsValues</include>
					<autoscroll time="3000" delay="4000" repeat="5000">Skin.HasSetting(Enable.AutoScroll) + !Control.HasFocus(62)</autoscroll>
				</control>
				<control type="scrollbar" id="62">
					<left>636</left>
					<top>0</top>
					<width>14</width>
					<height>345</height>
					<onup>PageUp(70)</onup>
					<ondown>PageUp(70)</ondown>
					<onleft>50</onleft>
					<onright>SetProperty(MediaMenu,True,home)</onright>
					<onright>SetFocus(9050)</onright>
					<texturesliderbackground>scrollbar/texturesliderbackground3.png</texturesliderbackground>
					<texturesliderbar colordiffuse="55ffffff" border="1">scrollbar/texturesliderbar3.png</texturesliderbar>
					<texturesliderbarfocus border="1">scrollbar/texturesliderbar3.png</texturesliderbarfocus>
					<showonepage>false</showonepage>
					<orientation>vertical</orientation>
				</control>
			</control>
			<control type="group">
				<left>1270</left>
				<top>822</top>
				<visible>Skin.HasSetting(nohighlist) + [Container.Content(tvshows) | Container.Content(seasons)]</visible>
				<include>VisibleFadeEffect</include>
				<control type="textbox" id="70">
					<label>$VAR[VideoPlotVar]</label>
					<left>15</left>
					<top>8</top>
					<width>615</width>
					<height>160</height>
					<font>font14_textbox</font>
					<pagecontrol>62</pagecontrol>
					<include>ShowCaseInfoPanelButtonsValues</include>
					<autoscroll time="3000" delay="4000" repeat="5000">Skin.HasSetting(Enable.AutoScroll) + !Control.HasFocus(62)</autoscroll>
				</control>
				<control type="scrollbar" id="62">
					<left>636</left>
					<top>0</top>
					<width>14</width>
					<height>177</height>
					<onup>PageUp(70)</onup>
					<ondown>PageUp(70)</ondown>
					<onleft>50</onleft>
					<onright>SetProperty(MediaMenu,True,home)</onright>
					<onright>SetFocus(9050)</onright>
					<texturesliderbackground>scrollbar/texturesliderbackground3.png</texturesliderbackground>
					<texturesliderbar colordiffuse="55ffffff" border="1">scrollbar/texturesliderbar3.png</texturesliderbar>
					<texturesliderbarfocus border="1">scrollbar/texturesliderbar3.png</texturesliderbarfocus>
					<showonepage>false</showonepage>
					<orientation>vertical</orientation>
				</control>
			</control>
			<control type="group">
				<left>1270</left>
				<top>1000</top>
				<width>1840</width>
				<height>90</height>
				<control type="image">
					<left>162.5</left>
					<width>2</width>
					<height>90</height>
					<texture border="1">separator3.png</texture>
				</control>
				<control type="image">
					<left>325</left>
					<width>2</width>
					<height>90</height>
					<texture border="1">separator3.png</texture>
				</control>
				<control type="image">
					<left>487.5</left>
					<width>2</width>
					<height>90</height>
					<texture border="1">separator3.png</texture>
				</control>
				<control type="image">
					<left>13.5</left>
					<colordiffuse>grey2</colordiffuse>
					<include>MediaFlagVars</include>
					<texture>$INFO[ListItem.VideoResolution,flags/resolution/,.png]</texture>
					<visible>!IsEmpty(ListItem.VideoResolution)</visible>
					<include>VisibleFadeEffect</include>
				</control>
				<control type="image">
					<left>176.5</left>
					<colordiffuse>grey2</colordiffuse>
					<include>MediaFlagVars</include>
					<texture>$INFO[ListItem.AudioCodec,flags/audio/,.png]</texture>
					<visible>!IsEmpty(ListItem.AudioCodec)</visible>
					<include>VisibleFadeEffect</include>
				</control>
				<control type="image">
					<left>339</left>
					<colordiffuse>grey2</colordiffuse>
					<include>MediaFlagVars</include>
					<texture>$INFO[ListItem.AudioChannels,flags/channels/,.png]</texture>
					<visible>!IsEmpty(ListItem.AudioChannels)</visible>
					<include>VisibleFadeEffect</include>
				</control>
				<control type="image">
					<left>506</left>
					<colordiffuse>grey2</colordiffuse>
					<include>MediaFlagVars</include>
					<texture>$VAR[SourceFlagVar,flags/video/,.png]</texture>
					<visible>!IsEmpty(ListItem.VideoCodec)</visible>
					<include>VisibleFadeEffect</include>
				</control>
				<control type="group">
					<visible>Container.Content(tvshows) | Container.Content(seasons)</visible>
					<include>VisibleFadeEffect</include>
					<control type="group">
						<top>-6</top>
						<width>162.5</width>
						<visible>!IsEmpty(ListItem.Property(TotalSeasons))</visible>
						<control type="label">
							<left>0</left>
							<top>2</top>
							<width>162.5</width>
							<height>60</height>
							<align>center</align>
							<label>[B]$INFO[ListItem.Property(TotalSeasons)][/B]</label>
							<font>font48</font>
							<wrapmultiline>true</wrapmultiline>
							<textcolor>grey2</textcolor>
						</control>
						<control type="label">
							<top>52</top>
							<width>162.5</width>
							<height>30</height>
							<align>center</align>
							<label>[LOWERCASE]$VAR[OneOrMoreSeasonsVar][/LOWERCASE]</label>
							<font>font12</font>
							<textcolor>grey2</textcolor>
						</control>
					</control>
					<control type="group">
						<visible>!IsEmpty(ListItem.Property(TotalEpisodes))</visible>
						<width>162.5</width>
						<left>162.5</left>
						<top>-6</top>
						<control type="label">
							<left>0</left>
							<top>2</top>
							<width>162.5</width>
							<height>60</height>
							<align>center</align>
							<label>[B]$INFO[ListItem.Property(TotalEpisodes)][/B]</label>
							<font>font48</font>
							<wrapmultiline>true</wrapmultiline>
							<textcolor>grey2</textcolor>
						</control>
						<control type="label">
							<top>52</top>
							<width>162.5</width>
							<height>30</height>
							<align>center</align>
							<label>[LOWERCASE]$VAR[OneOrMoreEpisodesVar][/LOWERCASE]</label>
							<font>font12</font>
							<textcolor>grey2</textcolor>
						</control>
					</control>
					<control type="image">
						<left>339</left>
						<colordiffuse>grey2</colordiffuse>
						<include>MediaFlagVars</include>
						<texture>$INFO[ListItem.Studio,flags/studios/,.png]</texture>
					</control>
					<control type="image">
						<left>506</left>
						<colordiffuse>grey2</colordiffuse>
						<include>MediaFlagVars</include>
						<texture fallback="flags/mpaa/NR.png">$VAR[RatingFlagVar]</texture>
						<visible>!IsEmpty(ListItem.Title)</visible>
					</control>
				</control>
				<control type="image">
					<top>-90</top>
					<width>650</width>
					<height>90</height>
					<texture border="1">separator5.png</texture>
					<visible>!Skin.HasSetting(nohighlist) | Container.Content(tvshows) | Container.Content(seasons)</visible>
					<include>VisibleFadeEffect</include>
				</control>
			</control>
			<control type="list" id="501">
				<left>450</left>
				<top>733</top>
				<width>976</width>
				<include condition="!Skin.HasSetting(nohighlist)">LowListHeightHigh</include>
				<include condition="Skin.HasSetting(nohighlist)">LowListHeightLow</include>
				<onleft>SetProperty(MediaMenu,True,home)</onleft>
				<onleft>SetFocus(9050)</onleft>
				<onright condition="Control.IsVisible(60)">60</onright>
				<onright condition="!Control.IsVisible(60)">62</onright>
				<onup>501</onup>
				<ondown>501</ondown>
				<pagecontrol>60</pagecontrol>
				<viewtype label="LowList">list</viewtype>
				<visible>Container.Content(movies) | Container.Content(tvshows) | Container.Content(seasons) | Container.Content(episodes)</visible>
				<scrolltime tween="quadratic" easing="out">200</scrolltime>
				<animation effect="slide" end="0,-170" time="120" condition="!Skin.HasSetting(nohighlist)">Conditional</animation>
				<itemlayout height="68" width="806" condition="Container.Content(movies)">
					<control type="image">
						<top>8</top>
						<width>806</width>
						<height>60</height>
						<texture border="1">separator2.png</texture>
					</control>
					<control type="label">
						<left>15</left>
						<width>90</width>
						<height>68</height>
						<font>font15</font>
						<textcolor>labelheader</textcolor>
						<selectedcolor>selected</selectedcolor>
						<align>left</align>
						<aligny>center</aligny>
						<label fallback="• • • •">$INFO[ListItem.Year]</label>
						<visible>!IsEmpty(ListItem.Title)</visible>
						<visible>![SubString(ListItem.Path,videodb://movies/sets) + !Stringcompare(ListItem.Label,..)]</visible>
					</control>
					<control type="label">
						<left>15</left>
						<width>90</width>
						<height>68</height>
						<font>font15</font>
						<textcolor>labelheader</textcolor>
						<selectedcolor>selected</selectedcolor>
						<align>left</align>
						<aligny>center</aligny>
						<label>• • • •</label>
						<animation effect="fade" start="100" end="70" time="300" tween="sine" easing="inout" condition="!Control.HasFocus(501)">Conditional</animation>
						<visible>!IsEmpty(ListItem.Title)</visible>
						<visible>[SubString(ListItem.Path,videodb://movies/sets) + !Stringcompare(ListItem.Label,..)]</visible>
					</control>
					<control type="label">
						<left>110</left>
						<width>620</width>
						<height>68</height>
						<font>font15</font>
						<textcolor>grey2</textcolor>
						<selectedcolor>selected</selectedcolor>
						<label>$INFO[ListItem.Label]</label>
					</control>
					<control type="label">
						<left>110</left>
						<width>620</width>
						<height>68</height>
						<font>font15</font>
						<align>right</align>
						<textcolor>grey2</textcolor>
						<selectedcolor>selected</selectedcolor>
						<aligny>center</aligny>
						<label>$INFO[ListItem.Rating]</label>
						<visible>![SubString(ListItem.Path,videodb://movies/sets) + !Stringcompare(ListItem.Label,..)]</visible>
					</control>
					<control type="image">
						<left>742</left>
						<top>2</top>
						<width>64</width>
						<height>64</height>
						<aspectratio>keep</aspectratio>
						<texture>$VAR[ListItem.Overlay]</texture>
					</control>
				</itemlayout>
				<focusedlayout height="68" width="806" condition="Container.Content(movies)">
					<control type="image">
						<top>8</top>
						<width>806</width>
						<height>60</height>
						<texture border="1">separator2.png</texture>
					</control>
					<control type="image">
						<width>806</width>
						<height>68</height>
						<texture border="4">listselect_fo.png</texture>
						<visible>Control.HasFocus(501)</visible>
						<include>VisibleFadeEffect</include>
					</control>
					<control type="label">
						<left>15</left>
						<width>90</width>
						<height>68</height>
						<font>font15</font>
						<selectedcolor>selected</selectedcolor>
						<align>left</align>
						<aligny>center</aligny>
						<label fallback="• • • •">$INFO[ListItem.Year]</label>
						<animation effect="fade" start="100" end="70" time="300" tween="sine" easing="inout" condition="!Control.HasFocus(501)">Conditional</animation>
						<visible>!IsEmpty(ListItem.Title)</visible>
						<visible>![SubString(ListItem.Path,videodb://movies/sets) + !Stringcompare(ListItem.Label,..)]</visible>
					</control>
					<control type="label">
						<left>15</left>
						<width>90</width>
						<height>68</height>
						<font>font15</font>
						<selectedcolor>selected</selectedcolor>
						<align>left</align>
						<aligny>center</aligny>
						<label>• • • •</label>
						<animation effect="fade" start="100" end="70" time="300" tween="sine" easing="inout" condition="!Control.HasFocus(501)">Conditional</animation>
						<visible>!IsEmpty(ListItem.Title)</visible>
						<visible>[SubString(ListItem.Path,videodb://movies/sets) + !Stringcompare(ListItem.Label,..)]</visible>
					</control>
					<control type="label">
						<left>110</left>
						<width>620</width>
						<height>68</height>
						<font>font15</font>
						<selectedcolor>selected</selectedcolor>
						<label>$INFO[ListItem.Label]</label>
						<animation effect="fade" start="100" end="70" time="300" tween="sine" easing="inout" condition="!Control.HasFocus(501)">Conditional</animation>
					</control>
					<control type="label">
						<left>110</left>
						<width>620</width>
						<height>68</height>
						<font>font15</font>
						<align>right</align>
						<selectedcolor>selected</selectedcolor>
						<aligny>center</aligny>
						<label>$INFO[ListItem.Rating]</label>
						<visible>![SubString(ListItem.Path,videodb://movies/sets) + !Stringcompare(ListItem.Label,..)]</visible>
						<animation effect="fade" start="100" end="70" time="300" tween="sine" easing="inout" condition="!Control.HasFocus(501)">Conditional</animation>
					</control>
					<control type="image">
						<left>742</left>
						<top>2</top>
						<width>64</width>
						<height>64</height>
						<aspectratio>keep</aspectratio>
						<texture>$VAR[ListItem.Overlay]</texture>
					</control>
				</focusedlayout>
				<itemlayout height="68" width="806" condition="Container.Content(tvshows)">
					<control type="image">
						<top>8</top>
						<width>806</width>
						<height>60</height>
						<texture border="1">separator2.png</texture>
					</control>
					<control type="label">
						<left>15</left>
						<width>90</width>
						<height>68</height>
						<font>font15</font>
						<textcolor>labelheader</textcolor>
						<selectedcolor>selected</selectedcolor>
						<align>left</align>
						<aligny>center</aligny>
						<label fallback="• • • •">$INFO[ListItem.Year]</label>
						<visible>!IsEmpty(ListItem.Title)</visible>
					</control>
					<control type="label">
						<left>110</left>
						<width>565</width>
						<height>68</height>
						<font>font15</font>
						<textcolor>grey2</textcolor>
						<selectedcolor>selected</selectedcolor>
						<label>$INFO[ListItem.Label]</label>
					</control>
					<control type="label">
						<left>110</left>
						<width>620</width>
						<height>68</height>
						<font>font15</font>
						<align>right</align>
						<textcolor>grey2</textcolor>
						<selectedcolor>selected</selectedcolor>
						<aligny>center</aligny>
						<label>$INFO[ListItem.Rating]</label>
					</control>
					<control type="image">
						<left>742</left>
						<top>2</top>
						<width>64</width>
						<height>64</height>
						<aspectratio>keep</aspectratio>
						<texture>$VAR[ListItem.Overlay]</texture>
					</control>
					<control type="group">
						<description>Unwatched episodes</description>
						<left>742</left>
						<top>-1</top>
						<control type="image">
							<left>0</left>
							<top>3</top>
							<width>64</width>
							<height>64</height>
							<texture>overlays/list/OverlayUnWatched.png</texture>
							<visible>IntegerGreaterThan(ListItem.Property(UnWatchedEpisodes),0) + IsEmpty(ListItem.Overlay)</visible>
						</control>
						<control type="label">
							<left>-18</left>
							<top>0</top>
							<width>100</width>
							<height>68</height>
							<font>font12_title</font>
							<align>center</align>
							<aligny>center</aligny>
							<label>$VAR[ListOverlayEpisodesVar]</label>
							<textcolor>grey3</textcolor>
							<textoffsetx>18</textoffsetx>
							<visible>IntegerGreaterThan(ListItem.Property(UnWatchedEpisodes),0)</visible>
						</control>
					</control>
				</itemlayout>
				<focusedlayout height="68" width="806" condition="Container.Content(tvshows)">
					<control type="image">
						<top>8</top>
						<width>806</width>
						<height>60</height>
						<texture border="1">separator2.png</texture>
					</control>
					<control type="image">
						<width>806</width>
						<height>68</height>
						<texture border="4">listselect_fo.png</texture>
						<visible>Control.HasFocus(501)</visible>
						<include>VisibleFadeEffect</include>
					</control>
					<control type="label">
						<left>15</left>
						<width>90</width>
						<height>68</height>
						<font>font15</font>
						<selectedcolor>selected</selectedcolor>
						<align>left</align>
						<aligny>center</aligny>
						<label fallback="• • • •">$INFO[ListItem.Year]</label>
						<animation effect="fade" start="100" end="70" time="300" tween="sine" easing="inout" condition="!Control.HasFocus(501)">Conditional</animation>
						<visible>!IsEmpty(ListItem.Title)</visible>
					</control>
					<control type="label">
						<left>110</left>
						<width>565</width>
						<height>68</height>
						<font>font15</font>
						<selectedcolor>selected</selectedcolor>
						<label>$INFO[ListItem.Label]</label>
						<animation effect="fade" start="100" end="70" time="300" tween="sine" easing="inout" condition="!Control.HasFocus(501)">Conditional</animation>
					</control>
					<control type="label">
						<left>110</left>
						<width>620</width>
						<height>68</height>
						<font>font15</font>
						<align>right</align>
						<selectedcolor>selected</selectedcolor>
						<aligny>center</aligny>
						<label>$INFO[ListItem.Rating]</label>
						<animation effect="fade" start="100" end="70" time="300" tween="sine" easing="inout" condition="!Control.HasFocus(501)">Conditional</animation>
					</control>
					<control type="image">
						<left>742</left>
						<top>2</top>
						<width>64</width>
						<height>64</height>
						<aspectratio>keep</aspectratio>
						<texture>$VAR[ListItem.Overlay]</texture>
					</control>
					<control type="group">
						<description>Unwatched episodes</description>
						<left>742</left>
						<top>-1</top>
						<control type="image">
							<left>0</left>
							<top>3</top>
							<width>64</width>
							<height>64</height>
							<texture>overlays/list/OverlayUnWatched.png</texture>
							<visible>IntegerGreaterThan(ListItem.Property(UnWatchedEpisodes),0) + IsEmpty(ListItem.Overlay)</visible>
						</control>
						<control type="label">
							<left>-18</left>
							<top>0</top>
							<width>100</width>
							<height>68</height>
							<font>font12_title</font>
							<align>center</align>
							<aligny>center</aligny>
							<label>$VAR[ListOverlayEpisodesVar]</label>
							<textcolor>white</textcolor>
							<textoffsetx>18</textoffsetx>
							<visible>IntegerGreaterThan(ListItem.Property(UnWatchedEpisodes),0)</visible>
						</control>
					</control>
				</focusedlayout>
				<itemlayout height="68" width="806" condition="Container.Content(seasons)">
					<control type="image">
						<top>8</top>
						<width>806</width>
						<height>60</height>
						<texture border="1">separator2.png</texture>
					</control>
					<control type="label">
						<left>15</left>
						<width>600</width>
						<height>68</height>
						<font>font15</font>
						<textcolor>grey2</textcolor>
						<selectedcolor>selected</selectedcolor>
						<label>$INFO[ListItem.Label]</label>
					</control>
					<control type="label">
						<left>110</left>
						<width>620</width>
						<height>68</height>
						<font>font15</font>
						<align>right</align>
						<textcolor>grey2</textcolor>
						<selectedcolor>selected</selectedcolor>
						<aligny>center</aligny>
						<label>$INFO[ListItem.Property(TotalEpisodes),, $LOCALIZE[20453]]</label>
					</control>
					<control type="image">
						<left>742</left>
						<top>2</top>
						<width>64</width>
						<height>64</height>
						<aspectratio>keep</aspectratio>
						<texture>$VAR[ListItem.Overlay]</texture>
					</control>
					<control type="group">
						<description>Unwatched episodes</description>
						<left>742</left>
						<top>-1</top>
						<control type="image">
							<left>0</left>
							<top>3</top>
							<width>64</width>
							<height>64</height>
							<texture>overlays/list/OverlayUnWatched.png</texture>
							<visible>IntegerGreaterThan(ListItem.Property(UnWatchedEpisodes),0) + IsEmpty(ListItem.Overlay)</visible>
						</control>
						<control type="label">
							<left>-18</left>
							<top>0</top>
							<width>100</width>
							<height>68</height>
							<font>font12_title</font>
							<align>center</align>
							<aligny>center</aligny>
							<label>$VAR[ListOverlayEpisodesVar]</label>
							<textcolor>grey3</textcolor>
							<textoffsetx>18</textoffsetx>
							<visible>IntegerGreaterThan(ListItem.Property(UnWatchedEpisodes),0)</visible>
						</control>
					</control>
				</itemlayout>
				<focusedlayout height="68" width="806" condition="Container.Content(seasons)">
					<control type="image">
						<top>8</top>
						<width>806</width>
						<height>60</height>
						<texture border="1">separator2.png</texture>
					</control>
					<control type="image">
						<width>806</width>
						<height>68</height>
						<texture border="4">listselect_fo.png</texture>
						<visible>Control.HasFocus(501)</visible>
						<include>VisibleFadeEffect</include>
					</control>
					<control type="label">
						<left>15</left>
						<width>600</width>
						<height>68</height>
						<font>font15</font>
						<selectedcolor>selected</selectedcolor>
						<label>$INFO[ListItem.Label]</label>
						<animation effect="fade" start="100" end="70" time="300" tween="sine" easing="inout" condition="!Control.HasFocus(501)">Conditional</animation>
					</control>
					<control type="label">
						<left>110</left>
						<width>620</width>
						<height>68</height>
						<font>font15</font>
						<align>right</align>
						<selectedcolor>selected</selectedcolor>
						<aligny>center</aligny>
						<label>$INFO[ListItem.Property(TotalEpisodes),, $LOCALIZE[20453]]</label>
						<animation effect="fade" start="100" end="70" time="300" tween="sine" easing="inout" condition="!Control.HasFocus(501)">Conditional</animation>
					</control>
					<control type="image">
						<left>742</left>
						<top>2</top>
						<width>64</width>
						<height>64</height>
						<aspectratio>keep</aspectratio>
						<texture>$VAR[ListItem.Overlay]</texture>
					</control>
					<control type="group">
						<description>Unwatched episodes</description>
						<left>742</left>
						<top>-1</top>
						<control type="image">
							<left>0</left>
							<top>3</top>
							<width>64</width>
							<height>64</height>
							<texture>overlays/list/OverlayUnWatched.png</texture>
							<visible>IntegerGreaterThan(ListItem.Property(UnWatchedEpisodes),0) + IsEmpty(ListItem.Overlay)</visible>
						</control>
						<control type="label">
							<left>-18</left>
							<top>0</top>
							<width>100</width>
							<height>68</height>
							<font>font12_title</font>
							<align>center</align>
							<aligny>center</aligny>
							<label>$VAR[ListOverlayEpisodesVar]</label>
							<textcolor>white</textcolor>
							<textoffsetx>18</textoffsetx>
							<visible>IntegerGreaterThan(ListItem.Property(UnWatchedEpisodes),0)</visible>
						</control>
					</control>
				</focusedlayout>
				<itemlayout height="68" width="806" condition="Container.Content(episodes)">
					<control type="image">
						<top>8</top>
						<width>806</width>
						<height>60</height>
						<texture border="1">separator2.png</texture>
					</control>
					<control type="label">
						<width>730</width>
						<height>68</height>
						<font>font15</font>
						<textcolor>grey2</textcolor>
						<selectedcolor>selected</selectedcolor>
						<label>$INFO[ListItem.Label]</label>
						<textoffsetx>15</textoffsetx>
					</control>
					<control type="label">
						<left>110</left>
						<width>620</width>
						<height>68</height>
						<font>font15</font>
						<align>right</align>
						<textcolor>grey2</textcolor>
						<selectedcolor>selected</selectedcolor>
						<aligny>center</aligny>
						<label>$INFO[ListItem.Rating]</label>
					</control>
					<control type="image">
						<left>742</left>
						<top>2</top>
						<width>64</width>
						<height>64</height>
						<aspectratio>keep</aspectratio>
						<texture>$VAR[ListItem.Overlay]</texture>
					</control>
				</itemlayout>
				<focusedlayout height="68" width="806" condition="Container.Content(episodes)">
					<control type="image">
						<top>8</top>
						<width>806</width>
						<height>60</height>
						<texture border="1">separator2.png</texture>
					</control>
					<control type="image">
						<width>806</width>
						<height>68</height>
						<texture border="4">listselect_fo.png</texture>
						<visible>Control.HasFocus(501)</visible>
						<include>VisibleFadeEffect</include>
					</control>
					<control type="label">
						<width>730</width>
						<height>68</height>
						<font>font15</font>
						<selectedcolor>selected</selectedcolor>
						<label>$INFO[ListItem.Label]</label>
						<textoffsetx>15</textoffsetx>
						<animation effect="fade" start="100" end="70" time="300" tween="sine" easing="inout" condition="!Control.HasFocus(501)">Conditional</animation>
					</control>
					<control type="label">
						<left>110</left>
						<width>620</width>
						<height>68</height>
						<font>font15</font>
						<align>right</align>
						<selectedcolor>selected</selectedcolor>
						<aligny>center</aligny>
						<label>$INFO[ListItem.Rating]</label>
						<animation effect="fade" start="100" end="70" time="300" tween="sine" easing="inout" condition="!Control.HasFocus(501)">Conditional</animation>
					</control>
					<control type="image">
						<left>742</left>
						<top>2</top>
						<width>64</width>
						<height>64</height>
						<aspectratio>keep</aspectratio>
						<texture>$VAR[ListItem.Overlay]</texture>
					</control>
				</focusedlayout>
			</control>
			<control type="image">
				<left>450</left>
				<top>1040</top>
				<width>806</width>
				<height>40</height>
				<texture flipy="true" border="1">bottom_shadow.png</texture>
			</control>
			<control type="scrollbar" id="60">
				<left>1256</left>
				<top>734</top>
				<width>14</width>
				<include condition="!Skin.HasSetting(nohighlist)">LowListHeightHigh</include>
				<include condition="Skin.HasSetting(nohighlist)">LowListHeightLow</include>
				<height>517</height>
				<onup>60</onup>
				<ondown>60</ondown>
				<onleft>50</onleft>
				<onright>62</onright>
				<texturesliderbackground>scrollbar/texturesliderbackground3.png</texturesliderbackground>
				<texturesliderbar colordiffuse="55ffffff" border="1">scrollbar/texturesliderbar3.png</texturesliderbar>
				<texturesliderbarfocus border="1">scrollbar/texturesliderbar3.png</texturesliderbarfocus>
				<showonepage>false</showonepage>
				<orientation>vertical</orientation>
				<animation effect="slide" end="0,-170" time="120" condition="!Skin.HasSetting(nohighlist)">Conditional</animation>
			</control>
		</control>
	</include>
	<!-- Music LowList -->
	<include name="MusicLowList">
		<control type="group">
			<visible>Control.IsVisible(501) + !Window.IsActive(addoninformation)</visible>
			<include>ViewAnimation</include>
			<control type="image">
				<top>630</top>
				<width>1920</width>
				<height>450</height>
				<texture border="1,32,1,1">bottombar.png</texture>
			</control>
			<control type="group">
				<left>5</left>
				<top>442</top>
				<control type="image">
					<width>440</width>
					<height>640</height>
					<aspectratio aligny="bottom">keep</aspectratio>
					<texture background="true">$INFO[ListItem.Icon]</texture>
					<fadetime>IconCrossfadeTime</fadetime>
					<bordertexture border="20">thumbs/thumb_shadow.png</bordertexture>
					<bordersize>20</bordersize>
				</control>
			</control>
			<control type="grouplist">
				<left>1270</left>
				<top>652</top>
				<width>650</width>
				<height>360</height>
				<usecontrolcoords>true</usecontrolcoords>
				<control type="button">
					<label>[COLOR labelheader]$LOCALIZE[557]:[/COLOR][CR]$INFO[ListItem.Artist]</label>
					<width>650</width>
					<include>ShowCaseInfoPanelButtonsValues</include>
					<visible>!IsEmpty(ListItem.Artist)</visible>
				</control>
				<control type="button">
					<label>[COLOR labelheader]$LOCALIZE[515]:[/COLOR][CR]$INFO[ListItem.Genre]</label>
					<width>650</width>
					<include>ShowCaseInfoPanelButtonsValues</include>
					<visible>!IsEmpty(ListItem.Genre)</visible>
				</control>
				<control type="button">
					<label>[COLOR labelheader]$LOCALIZE[180]:[/COLOR][CR]$INFO[ListItem.Duration]</label>
					<width>650</width>
					<include>ShowCaseInfoPanelButtonsValues</include>
					<visible>!IsEmpty(ListItem.Duration)</visible>
				</control>
				<control type="button">
					<label>[COLOR labelheader]$LOCALIZE[21894]:[/COLOR][CR]$INFO[ListItem.Property(Artist_Formed)]</label>
					<width>650</width>
					<include>ShowCaseInfoPanelButtonsValues</include>
					<visible>!IsEmpty(ListItem.Property(Artist_Formed)) + IsEmpty(ListItem.Property(Artist_Genre)) + IsEmpty(ListItem.Property(Artist_Born))</visible>
				</control>
				<control type="button">
					<label>[COLOR labelheader]$LOCALIZE[21893]:[/COLOR][CR]$INFO[ListItem.Property(Artist_Born)]</label>
					<width>650</width>
					<include>ShowCaseInfoPanelButtonsValues</include>
					<visible>!IsEmpty(ListItem.Property(Artist_Born)) + IsEmpty(ListItem.Property(Artist_Genre))</visible>
				</control>
				<control type="button">
					<label>[COLOR labelheader]$LOCALIZE[515]:[/COLOR][CR]$INFO[ListItem.Property(Artist_Genre)]</label>
					<width>650</width>
					<include>ShowCaseInfoPanelButtonsValues</include>
					<visible>!IsEmpty(ListItem.Property(Artist_Genre))</visible>
				</control>
				<control type="textbox">
					<label>[COLOR labelheader]$LOCALIZE[569]:[/COLOR][CR]$INFO[ListItem.Comment]</label>
					<left>15</left>
					<top>0</top>
					<width>615</width>
					<height>180</height>
					<font>font14_textbox</font>
					<pagecontrol>62</pagecontrol>
					<include>ShowCaseInfoPanelButtonsValues</include>
					<autoscroll time="3000" delay="4000" repeat="5000">Skin.HasSetting(Enable.AutoScroll) + !Control.HasFocus(62)</autoscroll>
					<visible>!IsEmpty(ListItem.Comment)</visible>
				</control>
			</control>
			<control type="group">
				<left>1270</left>
				<top>834</top>
				<control type="textbox" id="70">
					<label>$VAR[OtherPlotVar]</label>
					<left>15</left>
					<top>0</top>
					<width>615</width>
					<height>245</height>
					<font>font14_textbox</font>
					<pagecontrol>62</pagecontrol>
					<include>ShowCaseInfoPanelButtonsValues</include>
					<autoscroll time="3000" delay="4000" repeat="5000">Skin.HasSetting(Enable.AutoScroll) + !Control.HasFocus(62)</autoscroll>
				</control>
				<control type="scrollbar" id="62">
					<left>636</left>
					<top>0</top>
					<width>14</width>
					<height>245</height>
					<onup>PageUp(70)</onup>
					<ondown>PageUp(70)</ondown>
					<onleft>50</onleft>
					<onright>SetProperty(MediaMenu,True,home)</onright>
					<onright>SetFocus(9050)</onright>
					<texturesliderbackground>scrollbar/texturesliderbackground3.png</texturesliderbackground>
					<texturesliderbar colordiffuse="55ffffff" border="1">scrollbar/texturesliderbar3.png</texturesliderbar>
					<texturesliderbarfocus border="1">scrollbar/texturesliderbar3.png</texturesliderbarfocus>
					<showonepage>false</showonepage>
					<orientation>vertical</orientation>
				</control>
				<control type="image">
					<top>206</top>
					<width>636</width>
					<height>40</height>
					<texture flipy="true" border="1">bottom_shadow.png</texture>
				</control>
			</control>
			<control type="list" id="501">
				<left>450</left>
				<top>652</top>
				<width>976</width>
				<height>427</height>
				<onleft>SetProperty(MediaMenu,True,home)</onleft>
				<onleft>SetFocus(9050)</onleft>
				<onright>60</onright>
				<onup>501</onup>
				<ondown>501</ondown>
				<pagecontrol>60</pagecontrol>
				<viewtype label="LowList">list</viewtype>
				<visible>Container.Content(albums) | Container.Content(artists) | Container.Content(songs) | Window.IsActive(musicfiles)</visible>
				<scrolltime tween="quadratic" easing="out">200</scrolltime>
				<itemlayout height="68" width="806" condition="Container.Content(albums)">
					<control type="image">
						<top>8</top>
						<width>806</width>
						<height>60</height>
						<texture border="1">separator2.png</texture>
					</control>
					<control type="label">
						<left>15</left>
						<width>90</width>
						<height>68</height>
						<font>font15</font>
						<textcolor>labelheader</textcolor>
						<selectedcolor>selected</selectedcolor>
						<align>left</align>
						<aligny>center</aligny>
						<label fallback="• • • •">$INFO[ListItem.Year]</label>
						<visible>!IsEmpty(ListItem.Album)</visible>
					</control>
					<control type="label">
						<left>110</left>
						<width>620</width>
						<height>68</height>
						<font>font15</font>
						<textcolor>grey2</textcolor>
						<selectedcolor>selected</selectedcolor>
						<label>$INFO[ListItem.Label]</label>
					</control>
					<control type="label">
						<left>110</left>
						<width>680</width>
						<height>68</height>
						<font>font15</font>
						<align>right</align>
						<textcolor>grey2</textcolor>
						<selectedcolor>selected</selectedcolor>
						<aligny>center</aligny>
						<label>$INFO[ListItem.Label2]</label>
						<visible>StringCompare(Container.SortMethod,$LOCALIZE[557])</visible>
					</control>
					<control type="image">
						<left>610</left>
						<top>17</top>
						<width>180</width>
						<height>34</height>
						<aspectratio>keep</aspectratio>
						<texture colordiffuse="themecolor" fallback="rating0.png">$INFO[ListItem.StarRating]</texture>
						<colordiffuse>grey2</colordiffuse>
						<visible>!IsEmpty(ListItem.Title)</visible>
					</control>
				</itemlayout>
				<focusedlayout height="68" width="806" condition="Container.Content(albums)">
					<control type="image">
						<top>8</top>
						<width>806</width>
						<height>60</height>
						<texture border="1">separator2.png</texture>
					</control>
					<control type="image">
						<width>806</width>
						<height>68</height>
						<texture border="4">listselect_fo.png</texture>
						<visible>Control.HasFocus(501)</visible>
						<include>VisibleFadeEffect</include>
					</control>
					<control type="label">
						<left>15</left>
						<width>90</width>
						<height>68</height>
						<font>font15</font>
						<selectedcolor>selected</selectedcolor>
						<align>left</align>
						<aligny>center</aligny>
						<label fallback="• • • •">$INFO[ListItem.Year]</label>
						<animation effect="fade" start="100" end="70" time="300" tween="sine" easing="inout" condition="!Control.HasFocus(501)">Conditional</animation>
						<visible>!IsEmpty(ListItem.Album)</visible>
					</control>
					<control type="label">
						<left>110</left>
						<width>550</width>
						<height>68</height>
						<font>font15</font>
						<selectedcolor>selected</selectedcolor>
						<label>$INFO[ListItem.Label]</label>
						<animation effect="fade" start="100" end="70" time="300" tween="sine" easing="inout" condition="!Control.HasFocus(501)">Conditional</animation>
					</control>
					<control type="label">
						<left>110</left>
						<width>680</width>
						<height>68</height>
						<font>font15</font>
						<align>right</align>
						<selectedcolor>selected</selectedcolor>
						<aligny>center</aligny>
						<label>$INFO[ListItem.label2]</label>
						<animation effect="fade" start="100" end="70" time="300" tween="sine" easing="inout" condition="!Control.HasFocus(55)">Conditional</animation>
						<visible>StringCompare(Container.SortMethod,$LOCALIZE[557])</visible>
					</control>
					<control type="image">
						<left>610</left>
						<top>17</top>
						<width>180</width>
						<height>34</height>
						<aspectratio>keep</aspectratio>
						<texture fallback="rating0.png">$INFO[ListItem.StarRating]</texture>
						<visible>!IsEmpty(ListItem.Title)</visible>
						<animation effect="fade" start="100" end="70" time="300" tween="sine" easing="inout" condition="!Control.HasFocus(55)">Conditional</animation>
					</control>
				</focusedlayout>
				<itemlayout height="68" width="806" condition="Container.Content(songs)">
					<control type="image">
						<top>8</top>
						<width>806</width>
						<height>60</height>
						<texture border="1">separator2.png</texture>
					</control>
					<control type="label">
						<left>15</left>
						<width>60</width>
						<height>68</height>
						<font>font15</font>
						<textcolor>labelheader</textcolor>
						<selectedcolor>selected</selectedcolor>
						<align>left</align>
						<aligny>center</aligny>
						<label fallback="• •">$INFO[ListItem.TrackNumber]</label>
						<visible>!IsEmpty(ListItem.Title)</visible>
					</control>
					<control type="label">
						<left>65</left>
						<top>0</top>
						<width>545</width>
						<height>68</height>
						<font>font15</font>
						<textcolor>grey2</textcolor>
						<selectedcolor>selected</selectedcolor>
						<label>$INFO[ListItem.Title]</label>
						<visible>!IsEmpty(ListItem.Title)</visible>
					</control>
					<control type="label">
						<left>65</left>
						<top>0</top>
						<width>545</width>
						<height>68</height>
						<font>font15</font>
						<textcolor>grey2</textcolor>
						<selectedcolor>selected</selectedcolor>
						<label>$INFO[ListItem.Label]</label>
						<visible>IsEmpty(ListItem.Title)</visible>
					</control>
					<control type="image">
						<left>610</left>
						<top>17</top>
						<width>180</width>
						<height>34</height>
						<aspectratio>keep</aspectratio>
						<texture fallback="rating0.png">$INFO[ListItem.StarRating]</texture>
						<colordiffuse>grey2</colordiffuse>
						<visible>!IsEmpty(ListItem.Title)</visible>
					</control>
				</itemlayout>
				<focusedlayout height="68" width="806" condition="Container.Content(songs)">
					<control type="image">
						<top>8</top>
						<width>806</width>
						<height>60</height>
						<texture border="1">separator2.png</texture>
					</control>
					<control type="image">
						<width>806</width>
						<height>68</height>
						<texture border="4">listselect_fo.png</texture>
						<visible>Control.HasFocus(501)</visible>
						<include>VisibleFadeEffect</include>
					</control>
					<control type="label">
						<left>15</left>
						<width>60</width>
						<height>68</height>
						<font>font15</font>
						<selectedcolor>selected</selectedcolor>
						<align>left</align>
						<aligny>center</aligny>
						<label fallback="• •">$INFO[ListItem.TrackNumber]</label>
						<visible>!IsEmpty(ListItem.Title)</visible>
						<animation effect="fade" start="100" end="70" time="300" tween="sine" easing="inout" condition="!Control.HasFocus(501)">Conditional</animation>
					</control>
					<control type="label">
						<left>65</left>
						<top>0</top>
						<width>545</width>
						<height>68</height>
						<font>font15</font>
						<selectedcolor>selected</selectedcolor>
						<label>$INFO[ListItem.Title]</label>
						<animation effect="fade" start="100" end="70" time="300" tween="sine" easing="inout" condition="!Control.HasFocus(501)">Conditional</animation>
						<visible>!IsEmpty(ListItem.Title)</visible>
					</control>
					<control type="label">
						<left>65</left>
						<top>0</top>
						<width>545</width>
						<height>68</height>
						<font>font15</font>
						<selectedcolor>selected</selectedcolor>
						<label>$INFO[ListItem.Label]</label>
						<animation effect="fade" start="100" end="70" time="300" tween="sine" easing="inout" condition="!Control.HasFocus(501)">Conditional</animation>
						<visible>IsEmpty(ListItem.Title)</visible>
					</control>
					<control type="image">
						<left>610</left>
						<top>17</top>
						<width>180</width>
						<height>34</height>
						<aspectratio>keep</aspectratio>
						<texture fallback="rating0.png">$INFO[ListItem.StarRating]</texture>
						<visible>!IsEmpty(ListItem.Title)</visible>
						<animation effect="fade" start="100" end="70" time="300" tween="sine" easing="inout" condition="!Control.HasFocus(55)">Conditional</animation>
					</control>
				</focusedlayout>
				<itemlayout height="68" width="806" condition="![Container.Content(albums) | Container.Content(songs)]">
					<control type="image">
						<top>8</top>
						<width>806</width>
						<height>60</height>
						<texture border="1">separator2.png</texture>
					</control>
					<control type="label">
						<left>15</left>
						<width>775</width>
						<height>68</height>
						<font>font15</font>
						<textcolor>grey2</textcolor>
						<selectedcolor>selected</selectedcolor>
						<label>$INFO[ListItem.Label]</label>
					</control>
					<control type="label">
						<left>110</left>
						<width>680</width>
						<height>68</height>
						<font>font15</font>
						<align>right</align>
						<textcolor>grey2</textcolor>
						<selectedcolor>selected</selectedcolor>
						<aligny>center</aligny>
						<label>$INFO[ListItem.Label2]</label>
					</control>
				</itemlayout>
				<focusedlayout height="68" width="806" condition="![Container.Content(albums) | Container.Content(songs)]">
					<control type="image">
						<top>8</top>
						<width>806</width>
						<height>60</height>
						<texture border="1">separator2.png</texture>
					</control>
					<control type="image">
						<width>806</width>
						<height>68</height>
						<texture border="4">listselect_fo.png</texture>
						<visible>Control.HasFocus(501)</visible>
						<include>VisibleFadeEffect</include>
					</control>
					<control type="label">
						<left>15</left>
						<width>775</width>
						<height>68</height>
						<font>font15</font>
						<selectedcolor>selected</selectedcolor>
						<label>$INFO[ListItem.Label]</label>
						<animation effect="fade" start="100" end="70" time="300" tween="sine" easing="inout" condition="!Control.HasFocus(501)">Conditional</animation>
					</control>
					<control type="label">
						<left>110</left>
						<width>680</width>
						<height>68</height>
						<font>font15</font>
						<align>right</align>
						<selectedcolor>selected</selectedcolor>
						<aligny>center</aligny>
						<label>$INFO[ListItem.label2]</label>
						<animation effect="fade" start="100" end="70" time="300" tween="sine" easing="inout" condition="!Control.HasFocus(501)">Conditional</animation>
					</control>
				</focusedlayout>
			</control>
			<control type="scrollbar" id="60">
				<left>1256</left>
				<top>652</top>
				<width>14</width>
				<height>427</height>
				<onup>60</onup>
				<ondown>60</ondown>
				<onleft>50</onleft>
				<onright>62</onright>
				<texturesliderbackground>scrollbar/texturesliderbackground3.png</texturesliderbackground>
				<texturesliderbar colordiffuse="55ffffff" border="1">scrollbar/texturesliderbar3.png</texturesliderbar>
				<texturesliderbarfocus border="1">scrollbar/texturesliderbar3.png</texturesliderbarfocus>
				<showonepage>false</showonepage>
				<orientation>vertical</orientation>
			</control>
		</control>
	</include>
	<include name="LowListHeightHigh">
		<height>517</height>
		<movement>6</movement>
	</include>
	<include name="LowListHeightLow">
		<height>347</height>
		<movement>4</movement>
	</include>
</includes>