<?xml version="1.0" encoding="UTF-8"?>
<addon
  id="skin.aeon.nox.silvo"
  version="5.5.7-1"
  name="Aeon Nox SiLVO"
  provider-name="BigNoid">
	<requires>
		<import addon="xbmc.gui" version="5.3.0"/>
		<import addon="script.grab.fanart" version="0.12.8"/>
		<import addon="script.skinshortcuts" version="0.2.4"/>
		<import addon="service.library.data.provider" version="0.0.1"/>
	</requires>
	<extension
	  point="xbmc.gui.skin"
	  debugging="false"
	  effectslowdown="0.75">
		<res width="1920" height="1080" aspect="16:9" default="true" folder="1080i" />
	</extension>
	<extension point="xbmc.addon.metadata">
		<summary lang="de">Aeon Nox 5: SiLVO</summary>
		<summary lang="el">Aeon Nox 5: SiLVO</summary>
		<summary lang="en">Aeon Nox 5: SiLVO</summary>
		<summary lang="en_AU">Aeon Nox 5: SiLVO</summary>
		<summary lang="en_NZ">Aeon Nox 5: SiLVO</summary>
		<summary lang="en_US">Aeon Nox 5: SiLVO</summary>
		<summary lang="es">Aeon Nox 5: SiLVO</summary>
		<summary lang="fi">Aeon Nox 5: SiLVO</summary>
		<summary lang="fr">Aeon Nox 5: SiLVO</summary>
		<summary lang="fr_CA">Aeon Nox 5 : SiLVO</summary>
		<summary lang="gl">Aeon Nox 5: SiLVO</summary>
		<summary lang="he">Aeon Nox 5: SiLVO</summary>
		<summary lang="hu">Aeon Nox 5: SiLVO</summary>
		<summary lang="is">Aeon Nox 5: SiLVO</summary>
		<summary lang="it">Aeon Nox 5: SiLVO</summary>
		<summary lang="ko">Aeon Nox 5: SiLVO</summary>
		<summary lang="lt">Aeon Nox 5: SiLVO</summary>
		<summary lang="ms">Aeon Nox 5: SiLVO</summary>
		<summary lang="nl">Aeon Nox 5: SiLVO</summary>
		<summary lang="no">Aeon Nox 5: SiLVO</summary>
		<summary lang="pl">Aeon Nox 5: SiLVO</summary>
		<summary lang="pt">Aeon Nox 5: SiLVO</summary>
		<summary lang="pt_BR">Aeon Nox 5: SiLVO</summary>
		<summary lang="ru">Aeon Nox 5: SiLVO</summary>
		<summary lang="sk">Aeon Nox 5: SiLVO</summary>
		<summary lang="sv">Aeon Nox 5: SiLVO</summary>
		<summary lang="th">Aeon Nox 5: SiLVO</summary>
		<summary lang="zh">Aeon Nox 5: SiLVO</summary>
		<description lang="de">SiLVO: Komplett neu designed für ein modernes Aussehen und das klassische Aeon-Feeling beizubehalten.</description>
		<description lang="el">SiLVO: Πλήρως επανασχεδιασμένο για να προσφέρει μια μοντέρνα αισθητική, διατηρώντας ταυτόχρονα την κλασική ομορφιά του Aeon.</description>
		<description lang="en">SiLVO: Completely redesigned to create a modern look, while retaining the classic Aeon feel.</description>
		<description lang="en_AU">SiLVO: Completely redesigned to create a modern look, while retaining the classic Aeon feel.</description>
		<description lang="en_NZ">SiLVO: Completely redesigned to create a modern look, while retaining the classic Aeon feel.</description>
		<description lang="en_US">SiLVO: Completely redesigned to create a modern look, while retaining the classic Aeon feel.</description>
		<description lang="es">SiLVO: Completamente rediseñado para crear un aspecto moderno, pero conservando el toque clásico Aeon.</description>
		<description lang="fi">SiLVO: Täysin uudelleensuunniteltu moderni ulkoasu, kuitenkin tuntuen klassiselta Aeon:lta.</description>
		<description lang="fr">SiLVO: Totalement revu pour créer un look moderne, en gardant l'expérience Aeon.</description>
		<description lang="fr_CA">SiLVO : complètement remanié pour créer une apparence moderne, tout en conservant l'esprit classique d'Aeon.</description>
		<description lang="he">SiLVO: עיצוב חדש היוצר מראה מודרני אך משמר את ההרגשה של Aeon הקלאסי.</description>
		<description lang="hr">SiLVO: Potpuno preoblikovan moderan izgled, uz zadržani klasični Aeon osjećaj.</description>
		<description lang="hu">SiLVO: Teljesen áttervezett modern kinézet, de megtartva a klasszikus Aeon érzetet.</description>
		<description lang="is">SiLVO: Endurhannað nútímalegt útlit í anda Aeon.</description>
		<description lang="it">SiLVO: Completamente ridisegnato per creare un look moderno, mantenendo la consueta qualità Aeon.</description>
		<description lang="ko">SiLVO: 고전적인 Aeon 느낌을 유지하면서 현대적인 모습으로 완전히 다시 디자인하여 만들었습니다.</description>
		<description lang="lt">SiLVO: pilnai atnaujinta, kad sukurtų modernią išvaizdą, išlaikant klasikinio Aeon pojūtį.</description>
		<description lang="ms">SiLVO: Direka semula sepenuhnya untuk hasilkan penampilan modern, tetapi masih mengekalkan penampilan Aeon klasik.</description>
		<description lang="nl">SiLVO: Volledig opnieuw ontworpen om een ​​moderne look te creëren, met behoud van het klassieke Aeon gevoel.</description>
		<description lang="no">SiLVO: Helt redesignet for å gi deg en moderne utforming, samtidig som man beholder den klassiske Aeon følelsen.</description>
		<description lang="pl">SiLVO: Całkowicie przeprojektowana skóra Aeon, o nowoczesnym wyglądzie, zachowując klasyczny układ skóry Aeon.</description>
		<description lang="pt">SiLVO: Completamente redesenhado para criar um visual moderno enquanto retém o toque clássico Aeon.</description>
		<description lang="pt_BR">SiLVO: Design completamente novo para criar um look moderno, mantendo o feeling do Aeon Clássico.</description>
		<description lang="ru">SiLVO: полностью переделенная, модернизированная классическая обложка Aeon.</description>
		<description lang="sk">SiLVO: Kompletne prepracovaný dizajn s moderným vzhľadom pri zachovaní klasického štýlu Aeon.</description>
		<description lang="sv">SiLVO: Totalt omarbetad för att skapa ett modernt utseende, samtidigt som man behåller den klassiska Aeon-känslan.</description>
		<description lang="th">SiLVO: การออกแบบใหม่หมดจด เพื่อสร้างรูปลักษณ์ทันสมัย, ​​ขณะที่ยังคงความรู้สึกคลาสสิคของ Aeon.</description>
		<platform>all</platform>
	</extension>
</addon>
